"SourcePath","ArchivePath","SourceCommit","SourceSHA256","ImportedSHA256"
"CODEX_MATURE_NAV_PLAN.md","gameplay/npc-navigation/history/mature-nav-plan.md","cd2ac5e9ce2bdcd35280819c64ba77deede9430d","1FDC5F2BC0BB1C5BFD43D8CE88A180550C9C1A6EDD4D682AFF5737D5F172AC92","1FDC5F2BC0BB1C5BFD43D8CE88A180550C9C1A6EDD4D682AFF5737D5F172AC92"
"CODEX_NATIVE_WORLD_BACKEND_MIGRATION_HANDOFF_2026-09-17.md","migrations/native-world-backend/native-world-backend-migration-handoff-2026-09-17.md","cd2ac5e9ce2bdcd35280819c64ba77deede9430d","85007BD30C274A7434FAFDC2311047A17157FE37431113CC5348ED2D1F2F26D7","85007BD30C274A7434FAFDC2311047A17157FE37431113CC5348ED2D1F2F26D7"
"CODEX_NPC_PATHFINDING_AUTHORITY_REBUILD_PLAN.md","gameplay/npc-navigation/history/npc-pathfinding-authority-rebuild-plan.md","cd2ac5e9ce2bdcd35280819c64ba77deede9430d","15F04C7C2D125C3B555D3BBCA27CA1DF08BCD872CA60B3875CCF7FF0FDC1B800","15F04C7C2D125C3B555D3BBCA27CA1DF08BCD872CA60B3875CCF7FF0FDC1B800"
"CODEX_NPC_PATHFINDING_COMPLETION_PLAN.md","gameplay/npc-navigation/history/npc-pathfinding-completion-plan.md","cd2ac5e9ce2bdcd35280819c64ba77deede9430d","A5DBC019C21B2CA8B27A73D3FFC228C150D944626BD21DA0C3C85D7A6A6767B1","A5DBC019C21B2CA8B27A73D3FFC228C150D944626BD21DA0C3C85D7A6A6767B1"
"CODEX_NPC_PATHFINDING_FINAL_IMPLEMENTATION_PLAN.md","gameplay/npc-navigation/history/npc-pathfinding-final-implementation-plan.md","cd2ac5e9ce2bdcd35280819c64ba77deede9430d","69AC4FB15C88AEB4A64EABA0C6A35DB794EDFA21580440E399555887003964A7","69AC4FB15C88AEB4A64EABA0C6A35DB794EDFA21580440E399555887003964A7"
"CODEX_NPC_PATHFINDING_LIVE_REPAIR_PLAN.md","gameplay/npc-navigation/history/npc-pathfinding-live-repair-plan.md","cd2ac5e9ce2bdcd35280819c64ba77deede9430d","8C1372AC48889C13EB7763D5310152A62629FF8A7F95EB618864C9AB542ED6A2","8C1372AC48889C13EB7763D5310152A62629FF8A7F95EB618864C9AB542ED6A2"
"CODEX_NPC_PATHFINDING_REPLACEMENT_PHASE_PLAN.md","gameplay/npc-navigation/history/npc-pathfinding-replacement-phase-plan.md","cd2ac5e9ce2bdcd35280819c64ba77deede9430d","3C233DD92F05C4B3CEE527C3118AD81E2B02AF88FE8B9867CC9CB88D9E7CBAE4","3C233DD92F05C4B3CEE527C3118AD81E2B02AF88FE8B9867CC9CB88D9E7CBAE4"
"CODEX_NPC_PATHFINDING_SEQUENTIAL_IMPLEMENTATION_PLAN.md","gameplay/npc-navigation/history/npc-pathfinding-sequential-implementation-plan.md","cd2ac5e9ce2bdcd35280819c64ba77deede9430d","8BF968DA1C98FC262E272317482921B6E48B8254E7211D886AA21CE16C7FBF47","8BF968DA1C98FC262E272317482921B6E48B8254E7211D886AA21CE16C7FBF47"
"CODEX_PATHFINDING_PHSYSICS_BASED.MD","gameplay/npc-navigation/history/pathfinding-phsysics-based.md","cd2ac5e9ce2bdcd35280819c64ba77deede9430d","B68B60553C1100696CC2E5D63E5F3B70F7BEEBCBA14D4589287212370D25C255","B68B60553C1100696CC2E5D63E5F3B70F7BEEBCBA14D4589287212370D25C255"
"CODEX_TRUE_3D_CAVE_BIOME_AUDIT.md","world-generation/underground/true-3d-cave-biome-audit.md","cd2ac5e9ce2bdcd35280819c64ba77deede9430d","196CB110717BCB2DA7138BF640831EC52618FA73F940C3768340BF415603D149","196CB110717BCB2DA7138BF640831EC52618FA73F940C3768340BF415603D149"
"CODEX_VOX43_EXACT_FLUID_MESH_IMPLEMENTATION_PLAN.md","world-generation/terrain/vox43-exact-fluid-mesh-implementation-plan.md","cd2ac5e9ce2bdcd35280819c64ba77deede9430d","9634E262339342412831E1B9335629F0EAF7808AE52B27F17F9A0BD7E7FBA18B","9634E262339342412831E1B9335629F0EAF7808AE52B27F17F9A0BD7E7FBA18B"
"NPC_PATHFINDING_REGRESSION_HANDOFF.md","gameplay/npc-navigation/history/npc-pathfinding-regression-handoff.md","cd2ac5e9ce2bdcd35280819c64ba77deede9430d","2DAE8269BAB3B550E0EE7B21B8282F7B7F1FFD1B698601DD2D88AFC571E18BDC","2DAE8269BAB3B550E0EE7B21B8282F7B7F1FFD1B698601DD2D88AFC571E18BDC"
"NPC_Pathfinding_Fix_Codex_Implementation.md","gameplay/npc-navigation/history/npc-pathfinding-fix-codex-implementation.md","cd2ac5e9ce2bdcd35280819c64ba77deede9430d","F9A93F7740394FDF962069323E8DDC683FE87C95EA17765F1485820DB70617B1","F9A93F7740394FDF962069323E8DDC683FE87C95EA17765F1485820DB70617B1"
"Phased Plan.md","project-history/phased-plan.md","cd2ac5e9ce2bdcd35280819c64ba77deede9430d","A4A767AB1700715986C42B6DDEAB024EFE1FE60A446798F8785C1DD7CD6DA38F","A4A767AB1700715986C42B6DDEAB024EFE1FE60A446798F8785C1DD7CD6DA38F"
"docs/CITADEL_ARITHMETIC_PERFORMANCE_2026-09-09.md","engineering/citadel/arithmetic-performance-2026-09-09.md","cd2ac5e9ce2bdcd35280819c64ba77deede9430d","375AA3C0BD81FAC0D7D294E1730AC1F04CD954B455C236748180B5588A9691B3","375AA3C0BD81FAC0D7D294E1730AC1F04CD954B455C236748180B5588A9691B3"
"docs/CITADEL_BACKGROUND_PUBLICATION_PREPARATION_2026-09-02.md","engineering/citadel/background-publication-preparation-2026-09-02.md","cd2ac5e9ce2bdcd35280819c64ba77deede9430d","1BA42BAE3DCD77996B7B4E781710519C552D19DC8CEE47B4355841767F191433","1BA42BAE3DCD77996B7B4E781710519C552D19DC8CEE47B4355841767F191433"
"docs/CITADEL_BIOME_QUERY_REUSE_2026-09-09.md","engineering/citadel/biome-query-reuse-2026-09-09.md","cd2ac5e9ce2bdcd35280819c64ba77deede9430d","AE3E79D8E77650AC06A97F4B45100282239112663D6F47E98AC52186F6F0683E","AE3E79D8E77650AC06A97F4B45100282239112663D6F47E98AC52186F6F0683E"
"docs/CITADEL_BUNTING_MARKET_COMPLETION_2026-09-03.md","engineering/citadel/bunting-market-completion-2026-09-03.md","cd2ac5e9ce2bdcd35280819c64ba77deede9430d","797F08EF6806080E8FEA2D710671964D6E1947437C0E333C26DB39AC4AAF6F9D","797F08EF6806080E8FEA2D710671964D6E1947437C0E333C26DB39AC4AAF6F9D"
"docs/CITADEL_CANDIDATE_TELEPORT_DIAGNOSTIC.md","engineering/citadel/candidate-teleport-diagnostic.md","cd2ac5e9ce2bdcd35280819c64ba77deede9430d","630B651FE27201E079755FB1225A25E3BF9167AEE1768B3AB8E5A19BBF93CBFB","630B651FE27201E079755FB1225A25E3BF9167AEE1768B3AB8E5A19BBF93CBFB"
"docs/CITADEL_CHIMNEY_LATERAL_FIT_2026-08-31.md","engineering/citadel/chimney-lateral-fit-2026-08-31.md","cd2ac5e9ce2bdcd35280819c64ba77deede9430d","019D0376EFB71D96EA45336E775DC17813F13B81741B82F6229DB491B2C8BA38","019D0376EFB71D96EA45336E775DC17813F13B81741B82F6229DB491B2C8BA38"
"docs/CITADEL_CIVIC_WALL_PLACEMENT_2026-09-03.md","engineering/citadel/civic-wall-placement-2026-09-03.md","cd2ac5e9ce2bdcd35280819c64ba77deede9430d","AC6E70DFD7CA0A694EC6C11A420B1A7CAB40CAC15D850C8578FDF71F9FB02419","AC6E70DFD7CA0A694EC6C11A420B1A7CAB40CAC15D850C8578FDF71F9FB02419"
"docs/CITADEL_COMPLETION_CANCELLATION_2026-09-02.md","engineering/citadel/completion-cancellation-2026-09-02.md","cd2ac5e9ce2bdcd35280819c64ba77deede9430d","A499C7160ADF9A625E3C5AAFFC0A963FEB1F8A9B8795C12480F161F5D6A5FBA2","A499C7160ADF9A625E3C5AAFFC0A963FEB1F8A9B8795C12480F161F5D6A5FBA2"
"docs/CITADEL_COMPOUND_CANCELLATION_2026-09-02.md","engineering/citadel/compound-cancellation-2026-09-02.md","cd2ac5e9ce2bdcd35280819c64ba77deede9430d","B9BA0CDA8CA28FA0354F37C3C1A108E71908CD227A393DA95990283A035C292C","B9BA0CDA8CA28FA0354F37C3C1A108E71908CD227A393DA95990283A035C292C"
"docs/CITADEL_COURTYARD_SUPPORT_2026-09-08.md","engineering/citadel/courtyard-support-2026-09-08.md","cd2ac5e9ce2bdcd35280819c64ba77deede9430d","315B18B6FFDE9FA0C6AD2405FB17B53BF7FB6A3720605BB81ABFA4B17D70AC01","315B18B6FFDE9FA0C6AD2405FB17B53BF7FB6A3720605BB81ABFA4B17D70AC01"
"docs/CITADEL_CURRENT_CHIMNEY_CANDIDATE_2026-08-31.md","engineering/citadel/current-chimney-candidate-2026-08-31.md","cd2ac5e9ce2bdcd35280819c64ba77deede9430d","A5D1BD8876FCD8EC4B3296F715EB24F98F6C7938541476EB8E33E30248A8939F","A5D1BD8876FCD8EC4B3296F715EB24F98F6C7938541476EB8E33E30248A8939F"
"docs/CITADEL_CURRENT_DOOR_BRACKET_CANDIDATE_2026-08-31.md","engineering/citadel/current-door-bracket-candidate-2026-08-31.md","cd2ac5e9ce2bdcd35280819c64ba77deede9430d","85AC9ED24CB7EC420C2533CF3D89733E798EA07E7B9AC249A1871651F6369942","85AC9ED24CB7EC420C2533CF3D89733E798EA07E7B9AC249A1871651F6369942"
"docs/CITADEL_DOOR_BRACKET_MOUNT_CANDIDATE_2026-08-31.md","engineering/citadel/door-bracket-mount-candidate-2026-08-31.md","cd2ac5e9ce2bdcd35280819c64ba77deede9430d","8376122DA9DBA7FA680F5D61E2D67BB932889C9D5C907A7EAD516BCC63BEFC1F","8376122DA9DBA7FA680F5D61E2D67BB932889C9D5C907A7EAD516BCC63BEFC1F"
"docs/CITADEL_DOOR_UNREGISTRATION_2026-09-02.md","engineering/citadel/door-unregistration-2026-09-02.md","cd2ac5e9ce2bdcd35280819c64ba77deede9430d","D9717A259AB07412BE65DAADE8DE392F13FF53D5A001600276C56CA2ABB24F2A","D9717A259AB07412BE65DAADE8DE392F13FF53D5A001600276C56CA2ABB24F2A"
"docs/CITADEL_FACADE_COMPLETION_INTEGRATION_2026-09-01.md","engineering/citadel/facade-completion-integration-2026-09-01.md","cd2ac5e9ce2bdcd35280819c64ba77deede9430d","4EAABB60EFC292F7DCC95E123A43055897FB2639E2B0DA4EC954B556B7C78B9F","4EAABB60EFC292F7DCC95E123A43055897FB2639E2B0DA4EC954B556B7C78B9F"
"docs/CITADEL_FACADE_MOUNT_REPAIR_2026-08-30.md","engineering/citadel/facade-mount-repair-2026-08-30.md","cd2ac5e9ce2bdcd35280819c64ba77deede9430d","C1A5F95BD15F24BFA464DE5C93585516F2B6126C4AEDB8CC1F9529E69252C81E","C1A5F95BD15F24BFA464DE5C93585516F2B6126C4AEDB8CC1F9529E69252C81E"
"docs/CITADEL_FACADE_PARTITION_2026-09-08.md","engineering/citadel/facade-partition-2026-09-08.md","cd2ac5e9ce2bdcd35280819c64ba77deede9430d","B0E7B360B7FC806F8EC398ADC1F2A7CDD37D688341660B9C757B355ECD9D4CE5","B0E7B360B7FC806F8EC398ADC1F2A7CDD37D688341660B9C757B355ECD9D4CE5"
"docs/CITADEL_FIXED_AXIS_PACKING_2026-09-02.md","engineering/citadel/fixed-axis-packing-2026-09-02.md","cd2ac5e9ce2bdcd35280819c64ba77deede9430d","22E6ABB49B58210E14596CCE74E860D794A7FFE9A7866EB685475BF9D54688C3","22E6ABB49B58210E14596CCE74E860D794A7FFE9A7866EB685475BF9D54688C3"
"docs/CITADEL_GABLE_PURLIN_PROTOTYPE_2026-08-30.md","engineering/citadel/gable-purlin-prototype-2026-08-30.md","cd2ac5e9ce2bdcd35280819c64ba77deede9430d","14B45F26B467037EDC40C0CEE0019FC0378229CBCDCB2F45DDD8DEE40E2BDEE9","14B45F26B467037EDC40C0CEE0019FC0378229CBCDCB2F45DDD8DEE40E2BDEE9"
"docs/CITADEL_HEADED_STREAMING_2026-09-09.md","engineering/citadel/headed-streaming-2026-09-09.md","cd2ac5e9ce2bdcd35280819c64ba77deede9430d","AABB0314E35D05131736190F291481B75FFA83CBD9F2F0EB7EBD838E39F7E120","AABB0314E35D05131736190F291481B75FFA83CBD9F2F0EB7EBD838E39F7E120"
"docs/CITADEL_HEADED_TIMING_36_2026-09-09.md","engineering/citadel/headed-timing-36-2026-09-09.md","cd2ac5e9ce2bdcd35280819c64ba77deede9430d","101120058EB07DC22746C597FD07A80423C4143B5ADCB02164D8D1A4EC190868","101120058EB07DC22746C597FD07A80423C4143B5ADCB02164D8D1A4EC190868"
"docs/CITADEL_HOUSEHOLD_SIGN_MOUNT_2026-08-31.md","engineering/citadel/household-sign-mount-2026-08-31.md","cd2ac5e9ce2bdcd35280819c64ba77deede9430d","4CBF414C0F70B665504400E9731F32889130E24A6EAE7B01952A7D4A2D3BF500","4CBF414C0F70B665504400E9731F32889130E24A6EAE7B01952A7D4A2D3BF500"
"docs/CITADEL_INCREMENTAL_MASONRY_PUBLICATION_2026-09-02.md","engineering/citadel/incremental-masonry-publication-2026-09-02.md","cd2ac5e9ce2bdcd35280819c64ba77deede9430d","EEBC430A6F8AD009B986E48F859D7B66E28F14A658D7824F067E2DB3BBE2F6E4","EEBC430A6F8AD009B986E48F859D7B66E28F14A658D7824F067E2DB3BBE2F6E4"
"docs/CITADEL_INCREMENTAL_ROOF_PUBLICATION_2026-09-02.md","engineering/citadel/incremental-roof-publication-2026-09-02.md","cd2ac5e9ce2bdcd35280819c64ba77deede9430d","9BF6B8BA048742537D1895373DD24408FE7BFBE805F7B6DDD5ED074C9EB74A80","9BF6B8BA048742537D1895373DD24408FE7BFBE805F7B6DDD5ED074C9EB74A80"
"docs/CITADEL_INCREMENTAL_SCENE_PUBLICATION_2026-09-02.md","engineering/citadel/incremental-scene-publication-2026-09-02.md","cd2ac5e9ce2bdcd35280819c64ba77deede9430d","1E1EAF1EF646D554BC56862AAEC6EE9CE80C7E3786361B872945AACFAE8B3B94","1E1EAF1EF646D554BC56862AAEC6EE9CE80C7E3786361B872945AACFAE8B3B94"
"docs/CITADEL_IN_GAME_SPAWN_HANDOFF_2026-09-08.md","engineering/citadel/in-game-spawn-handoff-2026-09-08.md","cd2ac5e9ce2bdcd35280819c64ba77deede9430d","712962B9F119F504E033677EE743562A63B663422695DDEF7EF85CD5ADB6DB92","712962B9F119F504E033677EE743562A63B663422695DDEF7EF85CD5ADB6DB92"
"docs/CITADEL_KEEP_BUNTING_2026-09-08.md","engineering/citadel/keep-bunting-2026-09-08.md","cd2ac5e9ce2bdcd35280819c64ba77deede9430d","E03F7DF59F90C2607EC2A43F182DA4708CD684FE77BD3A474C94DE6C8BE29C89","E03F7DF59F90C2607EC2A43F182DA4708CD684FE77BD3A474C94DE6C8BE29C89"
"docs/CITADEL_LANDSCAPE_CANCELLATION_2026-09-02.md","engineering/citadel/landscape-cancellation-2026-09-02.md","cd2ac5e9ce2bdcd35280819c64ba77deede9430d","70A8B0888C3275C2132FD54211D8C345E6EB458EDD9B3D5BC77786BD64B992CD","70A8B0888C3275C2132FD54211D8C345E6EB458EDD9B3D5BC77786BD64B992CD"
"docs/CITADEL_LOADING_IMPLEMENTATION_2026-09-12.md","engineering/citadel/loading-implementation-2026-09-12.md","cd2ac5e9ce2bdcd35280819c64ba77deede9430d","DE8F75FFA48E6C19370447D066235243164933BF640A38609AFB9FAC63D76B82","28E0861EECB37A7AFB8BB5EDD73B3C34CA192869472D162891BF436B87C61CD8"
"docs/CITADEL_LOWER_ADMISSION_REUSE_2026-09-09.md","engineering/citadel/lower-admission-reuse-2026-09-09.md","cd2ac5e9ce2bdcd35280819c64ba77deede9430d","842AA45DF613B5ECF659431B382CA75C28D5716C7D38291BF3A5F67DF2130633","842AA45DF613B5ECF659431B382CA75C28D5716C7D38291BF3A5F67DF2130633"
"docs/CITADEL_LOWER_FACADE_BEARING_2026-08-31.md","engineering/citadel/lower-facade-bearing-2026-08-31.md","cd2ac5e9ce2bdcd35280819c64ba77deede9430d","0E15A15217519D0DEBE31D0FC123532DB53467F5D2E76724514CC2A9EBCD290E","0E15A15217519D0DEBE31D0FC123532DB53467F5D2E76724514CC2A9EBCD290E"
"docs/CITADEL_LOWER_INPUT_REUSE_2026-09-09.md","engineering/citadel/lower-input-reuse-2026-09-09.md","cd2ac5e9ce2bdcd35280819c64ba77deede9430d","A4887AC897BF29F87DD1B9D78E6077E35B862CFFC88C31F1085ED3BF3EFD9ECB","A4887AC897BF29F87DD1B9D78E6077E35B862CFFC88C31F1085ED3BF3EFD9ECB"
"docs/CITADEL_LOWER_PROOF_REUSE_2026-09-09.md","engineering/citadel/lower-proof-reuse-2026-09-09.md","cd2ac5e9ce2bdcd35280819c64ba77deede9430d","73CF7C06812CEC8C99D0FF498C69A04A2CE2C0EF05879151A7BB4EFD6476EBD8","73CF7C06812CEC8C99D0FF498C69A04A2CE2C0EF05879151A7BB4EFD6476EBD8"
"docs/CITADEL_LOWER_RECORD_REUSE_2026-09-09.md","engineering/citadel/lower-record-reuse-2026-09-09.md","cd2ac5e9ce2bdcd35280819c64ba77deede9430d","8280771E918CF6575D8DC7924C5BAC357AFA6CCE4C3B92147F155E2A6467EB4D","8280771E918CF6575D8DC7924C5BAC357AFA6CCE4C3B92147F155E2A6467EB4D"
"docs/CITADEL_MAIN_HEADED_2026-09-08.md","engineering/citadel/main-headed-2026-09-08.md","cd2ac5e9ce2bdcd35280819c64ba77deede9430d","C2CB71B073514992442186C2F2B35D81CD12D16167219C23D32C767947BE84B6","C2CB71B073514992442186C2F2B35D81CD12D16167219C23D32C767947BE84B6"
"docs/CITADEL_MARKET_RELOCATION_CHECK_2026-08-30.md","engineering/citadel/market-relocation-check-2026-08-30.md","cd2ac5e9ce2bdcd35280819c64ba77deede9430d","D5C0E6C539E9B12C668FD613834C48500AF15A94BF9E01BC717226DC175C1FC7","D5C0E6C539E9B12C668FD613834C48500AF15A94BF9E01BC717226DC175C1FC7"
"docs/CITADEL_MASONRY_PARTY_WALL_2026-08-31.md","engineering/citadel/masonry-party-wall-2026-08-31.md","cd2ac5e9ce2bdcd35280819c64ba77deede9430d","28903E37431B0A866589CB0119B1B7161B50B093BD68C4793DF5CA3B695BC62F","28903E37431B0A866589CB0119B1B7161B50B093BD68C4793DF5CA3B695BC62F"
"docs/CITADEL_NATIVE_SUPPORT_INTEGRATION_2026-09-10.md","engineering/citadel/native-support-integration-2026-09-10.md","cd2ac5e9ce2bdcd35280819c64ba77deede9430d","BC21AC0ADF2520A55FE525974313845A29307098854B689C709BDD54547BDB23","BC21AC0ADF2520A55FE525974313845A29307098854B689C709BDD54547BDB23"
"docs/CITADEL_NATIVE_SUPPORT_PROBE_2026-09-09.md","engineering/citadel/native-support-probe-2026-09-09.md","cd2ac5e9ce2bdcd35280819c64ba77deede9430d","AA9CA3316C193AA78B162814AFC434A450C94D3A65F35FBFC42DE7044A7C3EBB","AA9CA3316C193AA78B162814AFC434A450C94D3A65F35FBFC42DE7044A7C3EBB"
"docs/CITADEL_NATIVE_TERRAIN_ADMISSION_2026-09-02.md","engineering/citadel/native-terrain-admission-2026-09-02.md","cd2ac5e9ce2bdcd35280819c64ba77deede9430d","898A1DD9E57757D1572FD7964CDEF6430BB57B4ECA92C039ACD3D66CAE901EE3","898A1DD9E57757D1572FD7964CDEF6430BB57B4ECA92C039ACD3D66CAE901EE3"
"docs/CITADEL_OCCUPANCY_VALIDATION_2026-09-09.md","engineering/citadel/occupancy-validation-2026-09-09.md","cd2ac5e9ce2bdcd35280819c64ba77deede9430d","1CD5EFFFC81E673D6C70967B8188E36484F3ED0507AE9D5DB1FA2C5C84955661","1CD5EFFFC81E673D6C70967B8188E36484F3ED0507AE9D5DB1FA2C5C84955661"
"docs/CITADEL_OPENING_HEAD_BAND_2026-08-31.md","engineering/citadel/opening-head-band-2026-08-31.md","cd2ac5e9ce2bdcd35280819c64ba77deede9430d","F8C586ADFA9EE66EE0F35C3116B1EF5017C50AA00D6BB9A760C408286951E5C4","F8C586ADFA9EE66EE0F35C3116B1EF5017C50AA00D6BB9A760C408286951E5C4"
"docs/CITADEL_OPENING_HEAD_COST_2026-09-09.md","engineering/citadel/opening-head-cost-2026-09-09.md","cd2ac5e9ce2bdcd35280819c64ba77deede9430d","1DE39BC4440CB3225EFBC0CB6210B6491AE1C57E2E6BDD648355BE6589644970","1DE39BC4440CB3225EFBC0CB6210B6491AE1C57E2E6BDD648355BE6589644970"
"docs/CITADEL_ORDINARY_MAIN_DIAGNOSTIC_2026-09-03.md","engineering/citadel/ordinary-main-diagnostic-2026-09-03.md","cd2ac5e9ce2bdcd35280819c64ba77deede9430d","4351E1A88D6F7A58F86364F54BCCB4381F28EC2469F29F6D0BF2995BD94C3DE7","4351E1A88D6F7A58F86364F54BCCB4381F28EC2469F29F6D0BF2995BD94C3DE7"
"docs/CITADEL_ORDINARY_RUNTIME_BINDING_2026-09-03.md","engineering/citadel/ordinary-runtime-binding-2026-09-03.md","cd2ac5e9ce2bdcd35280819c64ba77deede9430d","6A419B72358A0E7CAE8DB509EDDD564B3612257C9A704ECFD33E13750B56A5D9","6A419B72358A0E7CAE8DB509EDDD564B3612257C9A704ECFD33E13750B56A5D9"
"docs/CITADEL_PARTY_WALL_PROOF_REUSE_2026-09-03.md","engineering/citadel/party-wall-proof-reuse-2026-09-03.md","cd2ac5e9ce2bdcd35280819c64ba77deede9430d","93FF66B302FA47A50E4FB47831C6FA6C522F0696FC1AB976D8254F4A35A3FC18","93FF66B302FA47A50E4FB47831C6FA6C522F0696FC1AB976D8254F4A35A3FC18"
"docs/CITADEL_PART_BINDING_2026-09-02.md","engineering/citadel/part-binding-2026-09-02.md","cd2ac5e9ce2bdcd35280819c64ba77deede9430d","2629FCD43B889512969801B33E8CDE7EAE9EE106192E3E13B58187EB56000B08","2629FCD43B889512969801B33E8CDE7EAE9EE106192E3E13B58187EB56000B08"
"docs/CITADEL_PHYSICAL_CANCELLATION_2026-09-02.md","engineering/citadel/physical-cancellation-2026-09-02.md","cd2ac5e9ce2bdcd35280819c64ba77deede9430d","315444581DA737F15B88D5BE8CF9EDE1D167E87FEF74C66AC16846F1CCDB3DED","315444581DA737F15B88D5BE8CF9EDE1D167E87FEF74C66AC16846F1CCDB3DED"
"docs/CITADEL_PHYSICAL_GATE_TIMEBOX_2026-08-30.md","engineering/citadel/physical-gate-timebox-2026-08-30.md","cd2ac5e9ce2bdcd35280819c64ba77deede9430d","E2BE8E91B1DCE0EF9149F4DAEE3C197AB187FEE06D2E8EB9FABF41904F843265","E2BE8E91B1DCE0EF9149F4DAEE3C197AB187FEE06D2E8EB9FABF41904F843265"
"docs/CITADEL_PREPARED_METADATA_PUBLICATION_2026-09-02.md","engineering/citadel/prepared-metadata-publication-2026-09-02.md","cd2ac5e9ce2bdcd35280819c64ba77deede9430d","A20411B103D8C188A6DA291180C44AAC9186F43FDE6721FE97410FBAE040766D","A20411B103D8C188A6DA291180C44AAC9186F43FDE6721FE97410FBAE040766D"
"docs/CITADEL_PRIVATE_PARTY_WALL_PROOF_2026-09-09.md","engineering/citadel/private-party-wall-proof-2026-09-09.md","cd2ac5e9ce2bdcd35280819c64ba77deede9430d","784F99C794719C257CC5E30AE2BE25F3FE0DAA7B4ADA21E27868E84ED6E84336","784F99C794719C257CC5E30AE2BE25F3FE0DAA7B4ADA21E27868E84ED6E84336"
"docs/CITADEL_PROCESSIONAL_SUPPORT_2026-08-31.md","engineering/citadel/processional-support-2026-08-31.md","cd2ac5e9ce2bdcd35280819c64ba77deede9430d","48E4E6551BB2A254C48C41F33757B9CFF647B44F7678AB45E2445B60315FB180","48E4E6551BB2A254C48C41F33757B9CFF647B44F7678AB45E2445B60315FB180"
"docs/CITADEL_PUBLICATION_PREPARATION_2026-09-02.md","engineering/citadel/publication-preparation-2026-09-02.md","cd2ac5e9ce2bdcd35280819c64ba77deede9430d","0C08C900BA398728E06B6D619C6D709B5A11EA9F5CCA0F300F141EC692D7E56F","0C08C900BA398728E06B6D619C6D709B5A11EA9F5CCA0F300F141EC692D7E56F"
"docs/CITADEL_PUBLICATION_PROFILE_2026-09-09.md","engineering/citadel/publication-profile-2026-09-09.md","cd2ac5e9ce2bdcd35280819c64ba77deede9430d","92734FB26BF7A5CADCC58F8CCAFD90F922CFBCC2A30CCE3E8217D8A7834565AC","92734FB26BF7A5CADCC58F8CCAFD90F922CFBCC2A30CCE3E8217D8A7834565AC"
"docs/CITADEL_PUBLICATION_SLICE_2026-09-09.md","engineering/citadel/publication-slice-2026-09-09.md","cd2ac5e9ce2bdcd35280819c64ba77deede9430d","D2F8AC50924F7EBBD6EBBD196B973ECE5A25F4A6FFE077844DAFA44CF1FBEFCF","D2F8AC50924F7EBBD6EBBD196B973ECE5A25F4A6FFE077844DAFA44CF1FBEFCF"
"docs/CITADEL_REMAINING_GATE_36_2026-08-31.md","engineering/citadel/remaining-gate-36-2026-08-31.md","cd2ac5e9ce2bdcd35280819c64ba77deede9430d","81E8FDC973B9F37AE278B6454955C745F651C3399035C385F4444DFFB0CFA9AB","81E8FDC973B9F37AE278B6454955C745F651C3399035C385F4444DFFB0CFA9AB"
"docs/CITADEL_REMAINING_PHYSICAL_GATE_2026-08-30.md","engineering/citadel/remaining-physical-gate-2026-08-30.md","cd2ac5e9ce2bdcd35280819c64ba77deede9430d","9308DBBD32D7781771F43A8C18E0DC049B8FD995D7177499A928A3E3C5612A6C","9308DBBD32D7781771F43A8C18E0DC049B8FD995D7177499A928A3E3C5612A6C"
"docs/CITADEL_REQUIRED_SUPPORT_VALIDATION_2026-08-30.md","engineering/citadel/required-support-validation-2026-08-30.md","cd2ac5e9ce2bdcd35280819c64ba77deede9430d","997DA60BF2A8C1AB965802F79F9BA016AC5DCE4B1719641FD5384E435E557EF0","997DA60BF2A8C1AB965802F79F9BA016AC5DCE4B1719641FD5384E435E557EF0"
"docs/CITADEL_RESIDENCE_OBSTACLE_BATCH_2026-09-03.md","engineering/citadel/residence-obstacle-batch-2026-09-03.md","cd2ac5e9ce2bdcd35280819c64ba77deede9430d","5AD808435CC4DC8A55497762F4BE2116553F362F7ECDFAADD5D48FDE2CA45605","5AD808435CC4DC8A55497762F4BE2116553F362F7ECDFAADD5D48FDE2CA45605"
"docs/CITADEL_RETAINED_PAVING_CANCELLATION_2026-09-02.md","engineering/citadel/retained-paving-cancellation-2026-09-02.md","cd2ac5e9ce2bdcd35280819c64ba77deede9430d","1178120AFF7C605DDE5C333118FE3D1344DB511FF17FA1447879ADB25D6388F6","1178120AFF7C605DDE5C333118FE3D1344DB511FF17FA1447879ADB25D6388F6"
"docs/CITADEL_RETAINED_PAVING_COMPOSITION_2026-09-02.md","engineering/citadel/retained-paving-composition-2026-09-02.md","cd2ac5e9ce2bdcd35280819c64ba77deede9430d","E376867FB6EBA9C87A3E5322BD562D3B21249C41B8E76B6A25BA856DA17FA503","E376867FB6EBA9C87A3E5322BD562D3B21249C41B8E76B6A25BA856DA17FA503"
"docs/CITADEL_RETAINED_PAVING_SUPPORT_2026-09-02.md","engineering/citadel/retained-paving-support-2026-09-02.md","cd2ac5e9ce2bdcd35280819c64ba77deede9430d","99E5D3162244EE03A4513B94BFC4134657295F1364FC2A32CD578E125B024962","DEAE630A325134B3B68AA2148A4CD747DB2653D1702E786D86BE2C9AF8B68D35"
"docs/CITADEL_ROADBED_BEARINGS_2026-09-01.md","engineering/citadel/roadbed-bearings-2026-09-01.md","cd2ac5e9ce2bdcd35280819c64ba77deede9430d","4FB1F7947C9738AD7E3104E2A7B84639C1164F00001FB18660A0BC47D5BA8CA9","4FB1F7947C9738AD7E3104E2A7B84639C1164F00001FB18660A0BC47D5BA8CA9"
"docs/CITADEL_ROOF_FRAME_INTEGRATION_2026-08-30.md","engineering/citadel/roof-frame-integration-2026-08-30.md","cd2ac5e9ce2bdcd35280819c64ba77deede9430d","7AFE1ABF48916908308A1293FA9C8F5F58EB36159E45B041ECF0936A96DBD694","7AFE1ABF48916908308A1293FA9C8F5F58EB36159E45B041ECF0936A96DBD694"
"docs/CITADEL_RUNTIME_INTEGRATION.md","engineering/citadel/runtime-integration.md","cd2ac5e9ce2bdcd35280819c64ba77deede9430d","C77EC360A477DC2A01448D03764D081416B26D48F97073E6C7F65145DFEFE5C3","C77EC360A477DC2A01448D03764D081416B26D48F97073E6C7F65145DFEFE5C3"
"docs/CITADEL_RUNTIME_PREPARATION_COMPARISON_2026-09-09.md","engineering/citadel/runtime-preparation-comparison-2026-09-09.md","cd2ac5e9ce2bdcd35280819c64ba77deede9430d","7A73476A01C57169BE0393DF3634DA8AC18D82C438DD9AD217E1F30C966266E7","7A73476A01C57169BE0393DF3634DA8AC18D82C438DD9AD217E1F30C966266E7"
"docs/CITADEL_RUNTIME_RETIREMENT_2026-09-02.md","engineering/citadel/runtime-retirement-2026-09-02.md","cd2ac5e9ce2bdcd35280819c64ba77deede9430d","F65D1FC3B1D6E28DBC38720B3AC699F116B493F20A8BC24F3093691A19275E7D","F65D1FC3B1D6E28DBC38720B3AC699F116B493F20A8BC24F3093691A19275E7D"
"docs/CITADEL_SCENE_DOOR_LIFECYCLE_2026-09-02.md","engineering/citadel/scene-door-lifecycle-2026-09-02.md","cd2ac5e9ce2bdcd35280819c64ba77deede9430d","D81D0CC228A37BD1961E02DD422F091CD19B2C4014FB5202B45660D444A33F0F","D81D0CC228A37BD1961E02DD422F091CD19B2C4014FB5202B45660D444A33F0F"
"docs/CITADEL_SCENE_PUBLICATION_2026-09-02.md","engineering/citadel/scene-publication-2026-09-02.md","cd2ac5e9ce2bdcd35280819c64ba77deede9430d","168B4D4E1631E54164ABD98CC047398F04FCF5E43EDCF68FA2E612C7DBE37BDF","168B4D4E1631E54164ABD98CC047398F04FCF5E43EDCF68FA2E612C7DBE37BDF"
"docs/CITADEL_SERVICE_SCENE_OWNERSHIP_2026-09-02.md","engineering/citadel/service-scene-ownership-2026-09-02.md","cd2ac5e9ce2bdcd35280819c64ba77deede9430d","8C17DD8FF14BA1294735FE3A9CCC86FFD105D8FB93A1D3157536972CA0471381","8C17DD8FF14BA1294735FE3A9CCC86FFD105D8FB93A1D3157536972CA0471381"
"docs/CITADEL_SHARED_COMPLETION_PROOFS_2026-09-09.md","engineering/citadel/shared-completion-proofs-2026-09-09.md","cd2ac5e9ce2bdcd35280819c64ba77deede9430d","1ACC94D2FB8C500101FDDD88C3603295D9DE30D84402B2BC6750DF0577B57FF4","1ACC94D2FB8C500101FDDD88C3603295D9DE30D84402B2BC6750DF0577B57FF4"
"docs/CITADEL_SIGN_SOCKET_BOUNDS_2026-09-02.md","engineering/citadel/sign-socket-bounds-2026-09-02.md","cd2ac5e9ce2bdcd35280819c64ba77deede9430d","A4C5797E8D79F69C569A3FA19702B394762E2D3D9D5F1135E3D6F8DD764C5A9E","A4C5797E8D79F69C569A3FA19702B394762E2D3D9D5F1135E3D6F8DD764C5A9E"
"docs/CITADEL_SIGN_SOURCE_PLACEMENT_2026-09-02.md","engineering/citadel/sign-source-placement-2026-09-02.md","cd2ac5e9ce2bdcd35280819c64ba77deede9430d","7A37ABA704B81DCD89912AECCDEE0963D2E84D25A5596C1ACD786D78517B8B74","7A37ABA704B81DCD89912AECCDEE0963D2E84D25A5596C1ACD786D78517B8B74"
"docs/CITADEL_SITE_BUILD_QUEUE_2026-09-02.md","engineering/citadel/site-build-queue-2026-09-02.md","cd2ac5e9ce2bdcd35280819c64ba77deede9430d","60F4796377DD7CD24B2117676939C573907F43B258090F82B2BEE36EDF2339E2","60F4796377DD7CD24B2117676939C573907F43B258090F82B2BEE36EDF2339E2"
"docs/CITADEL_SITE_PREPARATION_2026-09-02.md","engineering/citadel/site-preparation-2026-09-02.md","cd2ac5e9ce2bdcd35280819c64ba77deede9430d","4356AEF7F28A592784B008AF9EF7B66B70464DABBF6675ABF29071E90C4A9FD7","4356AEF7F28A592784B008AF9EF7B66B70464DABBF6675ABF29071E90C4A9FD7"
"docs/CITADEL_SMART_DOOR_UNREGISTRATION_2026-09-02.md","engineering/citadel/smart-door-unregistration-2026-09-02.md","cd2ac5e9ce2bdcd35280819c64ba77deede9430d","13FC3A42F645747C036E8DBBEA06F5B0FA4BA2CD8F1B5DDD133C549AE31810A6","13FC3A42F645747C036E8DBBEA06F5B0FA4BA2CD8F1B5DDD133C549AE31810A6"
"docs/CITADEL_SOURCE_VALIDATION_CACHE_2026-09-02.md","engineering/citadel/source-validation-cache-2026-09-02.md","cd2ac5e9ce2bdcd35280819c64ba77deede9430d","09A28194B13793A428E639BF496C7832318E78A67E2A5230D827A6E71F80C646","09A28194B13793A428E639BF496C7832318E78A67E2A5230D827A6E71F80C646"
"docs/CITADEL_SPAWN_PERFORMANCE_HANDOFF_2026-09-11.md","engineering/citadel/spawn-performance-handoff-2026-09-11.md","cd2ac5e9ce2bdcd35280819c64ba77deede9430d","6355E18A1A439BBB0C10F3CE1DF4F6DF1C6B6176BC50A9E006A02BED2539F976","6355E18A1A439BBB0C10F3CE1DF4F6DF1C6B6176BC50A9E006A02BED2539F976"
"docs/CITADEL_STORED_FIREWOOD_INTENT_2026-08-30.md","engineering/citadel/stored-firewood-intent-2026-08-30.md","cd2ac5e9ce2bdcd35280819c64ba77deede9430d","7B6EDEC70A1ACB066259C843D322F1802AE46F7A11243A961924EE2B4BEE02C9","7B6EDEC70A1ACB066259C843D322F1802AE46F7A11243A961924EE2B4BEE02C9"
"docs/CITADEL_STREAMING_PREPARATION_2026-09-02.md","engineering/citadel/streaming-preparation-2026-09-02.md","cd2ac5e9ce2bdcd35280819c64ba77deede9430d","369A01970222B36280AC90805FCA72035E1E58885DDF1F8EB92CE2F50F48B5CC","369A01970222B36280AC90805FCA72035E1E58885DDF1F8EB92CE2F50F48B5CC"
"docs/CITADEL_STREET_BRACE_REPAIR_2026-08-30.md","engineering/citadel/street-brace-repair-2026-08-30.md","cd2ac5e9ce2bdcd35280819c64ba77deede9430d","A9DD09D58CCCA456B590547B2BF3D0F9D8A1A9A6C22EDF337E6AB949008F5286","A9DD09D58CCCA456B590547B2BF3D0F9D8A1A9A6C22EDF337E6AB949008F5286"
"docs/CITADEL_STREET_KEEP_BOUNDARY_2026-09-03.md","engineering/citadel/street-keep-boundary-2026-09-03.md","cd2ac5e9ce2bdcd35280819c64ba77deede9430d","691EC135E8FE4DA4F3411AB4EF97ADA46C9526754865342A10B7518BD10B43D9","691EC135E8FE4DA4F3411AB4EF97ADA46C9526754865342A10B7518BD10B43D9"
"docs/CITADEL_STREET_ROW_PACKING_2026-09-03.md","engineering/citadel/street-row-packing-2026-09-03.md","cd2ac5e9ce2bdcd35280819c64ba77deede9430d","46D9A34B36B9285E29ABC25EB218469FEFFFE6962FD0C8FED20825DA9BB8F1CF","46D9A34B36B9285E29ABC25EB218469FEFFFE6962FD0C8FED20825DA9BB8F1CF"
"docs/CITADEL_STRUCTURAL_REPAIR_2026-09-09.md","engineering/citadel/structural-repair-2026-09-09.md","cd2ac5e9ce2bdcd35280819c64ba77deede9430d","5091A3849542904B9E3BD2302760BEF2C1A35327A013C7E36E6D12E705E45686","5091A3849542904B9E3BD2302760BEF2C1A35327A013C7E36E6D12E705E45686"
"docs/CITADEL_SUPPORT_COLUMN_FILTER_2026-09-09.md","engineering/citadel/support-column-filter-2026-09-09.md","cd2ac5e9ce2bdcd35280819c64ba77deede9430d","7EC8CEF151D82C28E06585262B921FB2B1B032D5C229309E98E59DB469677C11","7EC8CEF151D82C28E06585262B921FB2B1B032D5C229309E98E59DB469677C11"
"docs/CITADEL_SUPPORT_CONTEXT_2026-09-02.md","engineering/citadel/support-context-2026-09-02.md","cd2ac5e9ce2bdcd35280819c64ba77deede9430d","FAADC6E9C89E7D2510EE9E2DA2BFE27870EC66E0FBE0D00A4E1676C89455EC12","FAADC6E9C89E7D2510EE9E2DA2BFE27870EC66E0FBE0D00A4E1676C89455EC12"
"docs/CITADEL_SUPPORT_POOL_REPLAY_2026-09-09.md","engineering/citadel/support-pool-replay-2026-09-09.md","cd2ac5e9ce2bdcd35280819c64ba77deede9430d","CED7221DD33CA2CF728CC95D9AE3FFA5B8E4DDE0908EAC62D3BDBD4A76D5ECD8","CED7221DD33CA2CF728CC95D9AE3FFA5B8E4DDE0908EAC62D3BDBD4A76D5ECD8"
"docs/CITADEL_SUPPORT_PROOF_REPLAY_2026-09-09.md","engineering/citadel/support-proof-replay-2026-09-09.md","cd2ac5e9ce2bdcd35280819c64ba77deede9430d","1941C7EA1D20D1C75D37A82CD943EBC7D18E6D316FA988BE73D5133F6329381C","1941C7EA1D20D1C75D37A82CD943EBC7D18E6D316FA988BE73D5133F6329381C"
"docs/CITADEL_SUPPORT_SCAN_REDUCTION_2026-09-09.md","engineering/citadel/support-scan-reduction-2026-09-09.md","cd2ac5e9ce2bdcd35280819c64ba77deede9430d","F9578D67BEB6E4E717D725D93F1918143670BD39FEC0D39FE9AE8C51F030AD68","F9578D67BEB6E4E717D725D93F1918143670BD39FEC0D39FE9AE8C51F030AD68"
"docs/CITADEL_TERMINAL_FRAME_PROTOTYPE_2026-08-30.md","engineering/citadel/terminal-frame-prototype-2026-08-30.md","cd2ac5e9ce2bdcd35280819c64ba77deede9430d","33F79FE44C10463563FAD643BE160191E4E6D5AFDA0FE03FAE671048DCDB7A3D","33F79FE44C10463563FAD643BE160191E4E6D5AFDA0FE03FAE671048DCDB7A3D"
"docs/CITADEL_TERMINAL_SUPPORT_2026-09-08.md","engineering/citadel/terminal-support-2026-09-08.md","cd2ac5e9ce2bdcd35280819c64ba77deede9430d","A3C5B1789A879CD5437FB134FACCEF83F03262596B8FA437AA9B75888734E4B5","A3C5B1789A879CD5437FB134FACCEF83F03262596B8FA437AA9B75888734E4B5"
"docs/CITADEL_TERRAIN_SOURCE_2026-09-02.md","engineering/citadel/terrain-source-2026-09-02.md","cd2ac5e9ce2bdcd35280819c64ba77deede9430d","BB840E055F8DC60264F3D02E62820B970B2E7CD5632179DD49678AC0FF8344D9","BB840E055F8DC60264F3D02E62820B970B2E7CD5632179DD49678AC0FF8344D9"
"docs/CITADEL_THRESHOLD_BEARING_2026-09-01.md","engineering/citadel/threshold-bearing-2026-09-01.md","cd2ac5e9ce2bdcd35280819c64ba77deede9430d","3BB4CA25C18465508E153008B9D87468B385944E9B8F2F93942CA2438BC1B859","3BB4CA25C18465508E153008B9D87468B385944E9B8F2F93942CA2438BC1B859"
"docs/CITADEL_THRESHOLD_FOOTPRINT_2026-09-03.md","engineering/citadel/threshold-footprint-2026-09-03.md","cd2ac5e9ce2bdcd35280819c64ba77deede9430d","A59E4610FDF0E4985F44040FD212BB492286BE476E2FE48BF5B3F2262162A4C4","A59E4610FDF0E4985F44040FD212BB492286BE476E2FE48BF5B3F2262162A4C4"
"docs/CITADEL_TREE_SITE_INDEX_2026-09-09.md","engineering/citadel/tree-site-index-2026-09-09.md","cd2ac5e9ce2bdcd35280819c64ba77deede9430d","5B1108B9506E40B46A0198009EC53440EB3A69A95C66F1522C56F7BA10214AB8","5B1108B9506E40B46A0198009EC53440EB3A69A95C66F1522C56F7BA10214AB8"
"docs/CITADEL_UPPER_FACADE_BEARING_STUDY_2026-08-30.md","engineering/citadel/upper-facade-bearing-study-2026-08-30.md","cd2ac5e9ce2bdcd35280819c64ba77deede9430d","828667F21EA211E2D91D12792CEDCD9776899D95EC09A5488F1AEA90C833E290","828667F21EA211E2D91D12792CEDCD9776899D95EC09A5488F1AEA90C833E290"
"docs/CITADEL_UPPER_TRIM_REPAIR_2026-08-30.md","engineering/citadel/upper-trim-repair-2026-08-30.md","cd2ac5e9ce2bdcd35280819c64ba77deede9430d","92BC3802ADEE817704D737E872409F97FB1D6401B5BE6C5D48ADEA7F98C3B01C","92BC3802ADEE817704D737E872409F97FB1D6401B5BE6C5D48ADEA7F98C3B01C"
"docs/CITADEL_VISUALS_CLEAN_BRANCH.md","engineering/citadel/visuals-clean-branch.md","cd2ac5e9ce2bdcd35280819c64ba77deede9430d","F4AF4148D0FFD7DB431CCA6EACC1B34800C19333E0AD71DC18AC5DA2EAF247B5","F4AF4148D0FFD7DB431CCA6EACC1B34800C19333E0AD71DC18AC5DA2EAF247B5"
"docs/CITADEL_WHOLE_PATH_REVIEW_2026-09-13.md","engineering/citadel/whole-path-review-2026-09-13.md","cd2ac5e9ce2bdcd35280819c64ba77deede9430d","14E4B17A63589E69D501248605B15F508842E466EEC3DF1ED249DA99E54469BA","14E4B17A63589E69D501248605B15F508842E466EEC3DF1ED249DA99E54469BA"
"docs/CITADEL_WINDOW_BEARING_SPACING_2026-09-03.md","engineering/citadel/window-bearing-spacing-2026-09-03.md","cd2ac5e9ce2bdcd35280819c64ba77deede9430d","F7B6DB3F9B64A1AE5DEB6F5981F2FE2BBC2AB91239BE9BC39823875A7969109C","F7B6DB3F9B64A1AE5DEB6F5981F2FE2BBC2AB91239BE9BC39823875A7969109C"
"docs/CITADEL_WORKER_ALLOCATION_2026-09-09.md","engineering/citadel/worker-allocation-2026-09-09.md","cd2ac5e9ce2bdcd35280819c64ba77deede9430d","D8102C8FDC4E1D47827848B14FAA77CA49100D50D3AD701EE6623C9114A95395","D8102C8FDC4E1D47827848B14FAA77CA49100D50D3AD701EE6623C9114A95395"
"docs/CITADEL_WORKER_MASONRY_PREPARATION_2026-09-02.md","engineering/citadel/worker-masonry-preparation-2026-09-02.md","cd2ac5e9ce2bdcd35280819c64ba77deede9430d","5C381B0C79514A7AE17509FE3CD6757977C9E0160D2078284681A7AF26C52B42","5C381B0C79514A7AE17509FE3CD6757977C9E0160D2078284681A7AF26C52B42"
"docs/HUD_REFINEMENT_REPORT.md","art-direction/history/hud-refinement-report.md","cd2ac5e9ce2bdcd35280819c64ba77deede9430d","2F5FD7ECBC22943419A3900E5C3237B1BBCDD5CC92FD34C073F0E58A9E112D68","2F5FD7ECBC22943419A3900E5C3237B1BBCDD5CC92FD34C073F0E58A9E112D68"
"docs/OPEN_WORLD_STREAMING_INVESTIGATION_2026-09-09.md","migrations/world-streaming/open-world-streaming-investigation-2026-09-09.md","cd2ac5e9ce2bdcd35280819c64ba77deede9430d","2D88A0886F2FE507A74BCF04B9C5223DA5059ACB22C2A48431897580E6AC283D","2D88A0886F2FE507A74BCF04B9C5223DA5059ACB22C2A48431897580E6AC283D"
"docs/PREPARED_TREE_PUBLICATION_2026-09-02.md","world-generation/terrain/prepared-tree-publication-2026-09-02.md","cd2ac5e9ce2bdcd35280819c64ba77deede9430d","06E0C47A95F0D5836B7246FAA8502BEFF94BAF923B89ABCA59D21CC0BC4E1307","06E0C47A95F0D5836B7246FAA8502BEFF94BAF923B89ABCA59D21CC0BC4E1307"
"docs/STANDALONE_STRUCTURE_CANDIDATE_2026-09-02.md","world-generation/terrain/standalone-structure-candidate-2026-09-02.md","cd2ac5e9ce2bdcd35280819c64ba77deede9430d","1E48A5FA1C7CEAAB8DB70E7346D42636C4931539BEC8C29696BFB020F063E29D","1E48A5FA1C7CEAAB8DB70E7346D42636C4931539BEC8C29696BFB020F063E29D"
"docs/VISUAL_OVERHAUL_REPORT.md","art-direction/history/visual-overhaul-report.md","cd2ac5e9ce2bdcd35280819c64ba77deede9430d","2005F202DAA60FAEB6E3CC734DD9E8BF65CD5389693ACAE3579ABCCD157F536D","2005F202DAA60FAEB6E3CC734DD9E8BF65CD5389693ACAE3579ABCCD157F536D"
"docs/VISUAL_PHASE10_REPORT.md","art-direction/history/visual-phase10-report.md","cd2ac5e9ce2bdcd35280819c64ba77deede9430d","E425105B753DA9EB0DCB53A0ADF03575DFFD675F6BAC21D16145D2014941D9C7","E425105B753DA9EB0DCB53A0ADF03575DFFD675F6BAC21D16145D2014941D9C7"
"docs/VISUAL_PHASE1_REPORT.md","art-direction/history/visual-phase1-report.md","cd2ac5e9ce2bdcd35280819c64ba77deede9430d","AE7E5A4C860A8343D7DBAD697FA82D8A713D6C4CBC1EE904014804AC8A6B7675","AE7E5A4C860A8343D7DBAD697FA82D8A713D6C4CBC1EE904014804AC8A6B7675"
"docs/VISUAL_PHASE2_REPORT.md","art-direction/history/visual-phase2-report.md","cd2ac5e9ce2bdcd35280819c64ba77deede9430d","8AF4FE6ED1F110D64C28D01756C4EB459FB092E4F4DDEC829B740D4B3623F1F4","8AF4FE6ED1F110D64C28D01756C4EB459FB092E4F4DDEC829B740D4B3623F1F4"
"docs/VISUAL_PHASE3_REPORT.md","art-direction/history/visual-phase3-report.md","cd2ac5e9ce2bdcd35280819c64ba77deede9430d","D2796545B413D05318A21ADD944F7F546C82CD89ABE083F89D203F872DA78300","D2796545B413D05318A21ADD944F7F546C82CD89ABE083F89D203F872DA78300"
"docs/VISUAL_PHASE4_REPORT.md","art-direction/history/visual-phase4-report.md","cd2ac5e9ce2bdcd35280819c64ba77deede9430d","02FD132522B87BB664AF1B8EF16888D72C74AD0E92BC24DC1D40F5BD69E7AC98","02FD132522B87BB664AF1B8EF16888D72C74AD0E92BC24DC1D40F5BD69E7AC98"
"docs/VISUAL_PHASE5_REPORT.md","art-direction/history/visual-phase5-report.md","cd2ac5e9ce2bdcd35280819c64ba77deede9430d","C48F1861FA2F5D8512C811FB4060C77C5891F592F987750435B3073296DD22E5","C48F1861FA2F5D8512C811FB4060C77C5891F592F987750435B3073296DD22E5"
"docs/VISUAL_PHASE6_REPORT.md","art-direction/history/visual-phase6-report.md","cd2ac5e9ce2bdcd35280819c64ba77deede9430d","C140D86F07AEE627C81C4716C7B0ACCEE7A72B20D21D73C119DF3BFCE04C43ED","C140D86F07AEE627C81C4716C7B0ACCEE7A72B20D21D73C119DF3BFCE04C43ED"
"docs/VISUAL_PHASE7_REPORT.md","art-direction/history/visual-phase7-report.md","cd2ac5e9ce2bdcd35280819c64ba77deede9430d","2A9750D98B3308ACD26089C3F075438B5CE9AF3D20F155DC615A12EDEDA44439","2A9750D98B3308ACD26089C3F075438B5CE9AF3D20F155DC615A12EDEDA44439"
"docs/VISUAL_PHASE8_REPORT.md","art-direction/history/visual-phase8-report.md","cd2ac5e9ce2bdcd35280819c64ba77deede9430d","6F63CCB67AD9A96C7042DEFF2A9D03918F2556A3B8542C114A22D66B55442BC7","6F63CCB67AD9A96C7042DEFF2A9D03918F2556A3B8542C114A22D66B55442BC7"
"docs/VISUAL_PHASE9_REPORT.md","art-direction/history/visual-phase9-report.md","cd2ac5e9ce2bdcd35280819c64ba77deede9430d","28CFC2A21D2AD698D6FAADC984AE82067946F9482C2CBACE0EB3A086CFA149C5","28CFC2A21D2AD698D6FAADC984AE82067946F9482C2CBACE0EB3A086CFA149C5"
"docs/WORLD_STREAMING_ARCHITECTURE_PLAN.md","migrations/world-streaming/world-streaming-architecture-plan.md","cd2ac5e9ce2bdcd35280819c64ba77deede9430d","669210122CBAFB40BD8EA2B6649BFD795F4888C6991C80ADF27856A71F3E187E","669210122CBAFB40BD8EA2B6649BFD795F4888C6991C80ADF27856A71F3E187E"
"docs/WORLD_STREAMING_CONTINUE_2026-09-11.md","migrations/world-streaming/world-streaming-continue-2026-09-11.md","cd2ac5e9ce2bdcd35280819c64ba77deede9430d","D9972BBE64DDA637119DD3FF606FAFEEF1017B0701F4AD1CED21F7E81C182A9C","D9972BBE64DDA637119DD3FF606FAFEEF1017B0701F4AD1CED21F7E81C182A9C"
"docs/WORLD_STREAMING_DOOR_SOURCES_2026-09-11.md","migrations/world-streaming/world-streaming-door-sources-2026-09-11.md","cd2ac5e9ce2bdcd35280819c64ba77deede9430d","A46A136105307053F0694F6DAC9B41D6F25C3F95C9F8019053498D28963F444F","A46A136105307053F0694F6DAC9B41D6F25C3F95C9F8019053498D28963F444F"
"docs/WORLD_STREAMING_ENTRANCE_APPROACHES_2026-09-11.md","migrations/world-streaming/world-streaming-entrance-approaches-2026-09-11.md","cd2ac5e9ce2bdcd35280819c64ba77deede9430d","4625092D50734634A3D734FF9890D4068432BC777C3624E4F790F197A5266FC6","4625092D50734634A3D734FF9890D4068432BC777C3624E4F790F197A5266FC6"
"docs/WORLD_STREAMING_MATURITY_G0_SNAPSHOT_2026-09-14.md","migrations/world-streaming/world-streaming-maturity-g0-snapshot-2026-09-14.md","cd2ac5e9ce2bdcd35280819c64ba77deede9430d","BD77BA556C3855D120132186A33D0A268680B69E83B3A84D833350D895C77D11","BD77BA556C3855D120132186A33D0A268680B69E83B3A84D833350D895C77D11"
"docs/WORLD_STREAMING_MATURITY_G1_RUNTIME_LIFECYCLE_2026-09-14.md","migrations/world-streaming/world-streaming-maturity-g1-runtime-lifecycle-2026-09-14.md","cd2ac5e9ce2bdcd35280819c64ba77deede9430d","04AA004102CD1C2EE8F39F95DA11FE80834F38B4690F263D8C85A1BC800AC646","04AA004102CD1C2EE8F39F95DA11FE80834F38B4690F263D8C85A1BC800AC646"
"docs/WORLD_STREAMING_MATURITY_G2_PROFILE_AND_NATIVE_DECISION_2026-09-14.md","migrations/world-streaming/world-streaming-maturity-g2-profile-and-native-decision-2026-09-14.md","cd2ac5e9ce2bdcd35280819c64ba77deede9430d","5E76247E63F26D45A05FEB4CB4DD88D34121A1C27BEDA57134EA7832A2DE760A","5E76247E63F26D45A05FEB4CB4DD88D34121A1C27BEDA57134EA7832A2DE760A"
"docs/WORLD_STREAMING_MATURITY_G3_PROGRESSIVE_PREPARATION_2026-09-14.md","migrations/world-streaming/world-streaming-maturity-g3-progressive-preparation-2026-09-14.md","cd2ac5e9ce2bdcd35280819c64ba77deede9430d","1C98D5FCB5AC9F39D30AFC1D5E2CAF429F2133F2FF1975C2A855E970C9EE809C","1C98D5FCB5AC9F39D30AFC1D5E2CAF429F2133F2FF1975C2A855E970C9EE809C"
"docs/WORLD_STREAMING_MATURITY_G4_SCALE_RETIREMENT_2026-09-16.md","migrations/world-streaming/world-streaming-maturity-g4-scale-retirement-2026-09-16.md","cd2ac5e9ce2bdcd35280819c64ba77deede9430d","C1DDF9905D7F2D83D1FD9DFA4FC5E95329AC7AC59A45C9EA686213816FAAF052","C1DDF9905D7F2D83D1FD9DFA4FC5E95329AC7AC59A45C9EA686213816FAAF052"
"docs/WORLD_STREAMING_MATURITY_MIGRATION_PLAN_2026-09-14.md","migrations/world-streaming/world-streaming-maturity-migration-plan-2026-09-14.md","cd2ac5e9ce2bdcd35280819c64ba77deede9430d","C4285BEE376B93BB9D92ABBE6048E6C05688F1852786CD622C6FEEEC0483544B","C4285BEE376B93BB9D92ABBE6048E6C05688F1852786CD622C6FEEEC0483544B"
"docs/WORLD_STREAMING_MEASUREMENTS_2026-09-10.md","migrations/world-streaming/world-streaming-measurements-2026-09-10.md","cd2ac5e9ce2bdcd35280819c64ba77deede9430d","75838D370E8546993D4597B71885F3B3B4C1D8674CAF5B1B04AAC2D1F384D216","75838D370E8546993D4597B71885F3B3B4C1D8674CAF5B1B04AAC2D1F384D216"
"docs/WORLD_STREAMING_NAVIGATION_PUBLICATION_2026-09-11.md","migrations/world-streaming/world-streaming-navigation-publication-2026-09-11.md","cd2ac5e9ce2bdcd35280819c64ba77deede9430d","26B92CEBD255C8FA4EABE6A773A4EC4BFC5AEE5EC82482FD40D651A8B8EB597C","26B92CEBD255C8FA4EABE6A773A4EC4BFC5AEE5EC82482FD40D651A8B8EB597C"
"docs/WORLD_STREAMING_NAVIGATION_RECEIPTS_2026-09-10.md","migrations/world-streaming/world-streaming-navigation-receipts-2026-09-10.md","cd2ac5e9ce2bdcd35280819c64ba77deede9430d","A6DC1B28B3400DE63C049A75928012F6F9266EF1F81E544756294A1F71E3B834","A6DC1B28B3400DE63C049A75928012F6F9266EF1F81E544756294A1F71E3B834"
"docs/WORLD_STREAMING_OWNED_RECORDS_2026-09-10.md","migrations/world-streaming/world-streaming-owned-records-2026-09-10.md","cd2ac5e9ce2bdcd35280819c64ba77deede9430d","3F37ABDD9482A5A7CA956F89D19953D939C80CF76910FB6F6908FB28540EDDC3","3F37ABDD9482A5A7CA956F89D19953D939C80CF76910FB6F6908FB28540EDDC3"
"docs/WORLD_STREAMING_PACKETS_AND_INITIAL_SPAWN_2026-09-10.md","migrations/world-streaming/world-streaming-packets-and-initial-spawn-2026-09-10.md","cd2ac5e9ce2bdcd35280819c64ba77deede9430d","B9D0DEA6C8EF21FF12EBA7C908BF567F620A3EA21B73598C14E439E72294E65E","B9D0DEA6C8EF21FF12EBA7C908BF567F620A3EA21B73598C14E439E72294E65E"
"docs/WORLD_STREAMING_PHYSICAL_CROSSINGS_2026-09-11.md","migrations/world-streaming/world-streaming-physical-crossings-2026-09-11.md","cd2ac5e9ce2bdcd35280819c64ba77deede9430d","33374CDA69FD66AD0EB69E82F860E70EA6A28DBB742F48A7F966551241FA04DE","33374CDA69FD66AD0EB69E82F860E70EA6A28DBB742F48A7F966551241FA04DE"
"docs/WORLD_STREAMING_RETAINED_REGIONS_2026-09-10.md","migrations/world-streaming/world-streaming-retained-regions-2026-09-10.md","cd2ac5e9ce2bdcd35280819c64ba77deede9430d","12204469FAC2A1E9C387A7E23DD1DA75C5907AC42BBEAF464B918BDF53289A78","12204469FAC2A1E9C387A7E23DD1DA75C5907AC42BBEAF464B918BDF53289A78"
"docs/WORLD_STREAMING_SPATIAL_GROUPING_EXPERIMENT_2026-09-10.md","migrations/world-streaming/world-streaming-spatial-grouping-experiment-2026-09-10.md","cd2ac5e9ce2bdcd35280819c64ba77deede9430d","D1782DD6CCD853BE3861B9654D647A2CEA2C5A3606FE6146EE2211B1ECDC35D7","D1782DD6CCD853BE3861B9654D647A2CEA2C5A3606FE6146EE2211B1ECDC35D7"
"docs/WORLD_STREAMING_STAIR_CLEARANCE_2026-09-11.md","migrations/world-streaming/world-streaming-stair-clearance-2026-09-11.md","cd2ac5e9ce2bdcd35280819c64ba77deede9430d","4DF95C4B9917FA2B3DCE9A1D4296CFC606B806836932F242B7DC9095D58FC778","4DF95C4B9917FA2B3DCE9A1D4296CFC606B806836932F242B7DC9095D58FC778"
"docs/WORLD_STREAMING_SURFACE_WORKERS_2026-09-10.md","migrations/world-streaming/world-streaming-surface-workers-2026-09-10.md","cd2ac5e9ce2bdcd35280819c64ba77deede9430d","12A0C95CC1DE8372BA77E4F734E911F0916F769F62A0852A331FDF8E7E37176B","12A0C95CC1DE8372BA77E4F734E911F0916F769F62A0852A331FDF8E7E37176B"
"docs/native_world_backend/GATE5_FINAL_NATIVE_EVIDENCE_INVENTORY_2026-09-23.md","migrations/native-world-backend/gate5-final-native-evidence-inventory-2026-09-23.md","cd2ac5e9ce2bdcd35280819c64ba77deede9430d","C9E7BB8F64E82DF9C1B32B2102AE9EBED4878E4630D78757E4D1BB8BAB84C3C6","C9E7BB8F64E82DF9C1B32B2102AE9EBED4878E4630D78757E4D1BB8BAB84C3C6"
"docs/native_world_backend/GATE5_LOADING_COMPARATOR_DECISION_PROPOSAL_2026-09-23.md","migrations/native-world-backend/gate5-loading-comparator-decision-proposal-2026-09-23.md","cd2ac5e9ce2bdcd35280819c64ba77deede9430d","9D842DFFAEDFC1D93B64E73DE2175456DE167C973018B75A8FA39E71EA647464","9D842DFFAEDFC1D93B64E73DE2175456DE167C973018B75A8FA39E71EA647464"
"docs/native_world_backend/GATE5_LOADING_EVALUATOR_CHANGE_AUDIT_2026-09-23.md","migrations/native-world-backend/gate5-loading-evaluator-change-audit-2026-09-23.md","cd2ac5e9ce2bdcd35280819c64ba77deede9430d","DC7368866B9FF43A5124C4FA6E409A74CF2E062490E0DAD5E4E44353D157C131","DC7368866B9FF43A5124C4FA6E409A74CF2E062490E0DAD5E4E44353D157C131"
"docs/native_world_backend/GATE5_RESPONSIVE_LOADING_EVALUATOR_CHECKPOINT_2026-09-23.md","migrations/native-world-backend/gate5-responsive-loading-evaluator-checkpoint-2026-09-23.md","cd2ac5e9ce2bdcd35280819c64ba77deede9430d","8127B872066498C9F17D55A21BB56F6DAE0B37E213AC8283F358A1E88622F624","8127B872066498C9F17D55A21BB56F6DAE0B37E213AC8283F358A1E88622F624"
"docs/native_world_backend/INDEPENDENT_N0_N9_GATE5_EVIDENCE_MATRIX_2026-09-23.md","migrations/native-world-backend/independent-n0-n9-gate5-evidence-matrix-2026-09-23.md","cd2ac5e9ce2bdcd35280819c64ba77deede9430d","0EB23B143E8D55AD2AFBC81766B64C3C9D0F13730D8CD4E97FF73C0DB3AC5940","0EB23B143E8D55AD2AFBC81766B64C3C9D0F13730D8CD4E97FF73C0DB3AC5940"
"docs/native_world_backend/INDEPENDENT_RELEASE_GATE_AUDIT_2026-09-23.md","migrations/native-world-backend/independent-release-gate-audit-2026-09-23.md","cd2ac5e9ce2bdcd35280819c64ba77deede9430d","8B3F48CCEDECAC0E4DD41B95CE0CB78853DB153ED8B4371A361E3622D78FD55A","8B3F48CCEDECAC0E4DD41B95CE0CB78853DB153ED8B4371A361E3622D78FD55A"
"docs/native_world_backend/MIGRATION_AUTHORITY_AND_DELETION_LEDGER.md","migrations/native-world-backend/migration-authority-and-deletion-ledger.md","cd2ac5e9ce2bdcd35280819c64ba77deede9430d","7B227543E8905A8557C23EDD8C058C4E2018FC44292EE6290B55656DD48BD456","7B227543E8905A8557C23EDD8C058C4E2018FC44292EE6290B55656DD48BD456"
"docs/native_world_backend/N0_SCOPE_CONTRACTS_AND_BASELINE_2026-09-17.md","migrations/native-world-backend/n0-scope-contracts-and-baseline-2026-09-17.md","cd2ac5e9ce2bdcd35280819c64ba77deede9430d","F350F2A9CCD6E49EF08ECA927A67608EA9B9E306C1FAAB2E107BBD0394288095","F350F2A9CCD6E49EF08ECA927A67608EA9B9E306C1FAAB2E107BBD0394288095"
"docs/native_world_backend/N1_STANDALONE_CORE_BUILD_AND_API_REFLECTION_2026-09-17.md","migrations/native-world-backend/n1-standalone-core-build-and-api-reflection-2026-09-17.md","cd2ac5e9ce2bdcd35280819c64ba77deede9430d","8BF1140F807C1BD73F80541E56D74CACDF1BCF4BF4471AB513F06BE3D9199988","8BF1140F807C1BD73F80541E56D74CACDF1BCF4BF4471AB513F06BE3D9199988"
"docs/native_world_backend/N2_FIRST_END_TO_END_VERTICAL_SLICE_2026-09-17.md","migrations/native-world-backend/n2-first-end-to-end-vertical-slice-2026-09-17.md","cd2ac5e9ce2bdcd35280819c64ba77deede9430d","0A5C08924487C3EA1EDFDAB3FEE26BB429D73A870A1C5CE921DEF96B158AFB57","0A5C08924487C3EA1EDFDAB3FEE26BB429D73A870A1C5CE921DEF96B158AFB57"
"docs/native_world_backend/N2_VERTICAL_SLICE_CONTRACT_2026-09-17.md","migrations/native-world-backend/n2-vertical-slice-contract-2026-09-17.md","cd2ac5e9ce2bdcd35280819c64ba77deede9430d","375E74752D4E1ACE50233ED2426FE2612535595CDB7F10F91723BDB919F79531","375E74752D4E1ACE50233ED2426FE2612535595CDB7F10F91723BDB919F79531"
"docs/native_world_backend/N3_EFFECTIVE_TERRAIN_AND_SAVE_SHADOW_2026-09-18.md","migrations/native-world-backend/n3-effective-terrain-and-save-shadow-2026-09-18.md","cd2ac5e9ce2bdcd35280819c64ba77deede9430d","1DAE16FBB43022FF7E92694044CA4C3E689E05A52B6FF135D3A28E6123F1716C","1DAE16FBB43022FF7E92694044CA4C3E689E05A52B6FF135D3A28E6123F1716C"
"docs/native_world_backend/N3_GENERATED_TERRAIN_PATCH_CUTOVER_AUDIT_2026-09-24.md","migrations/native-world-backend/n3-generated-terrain-patch-cutover-audit-2026-09-24.md","cd2ac5e9ce2bdcd35280819c64ba77deede9430d","FB5EAEA3135D4BABE1A70F1F7A5CF431A4AD4CEC24C8024D34957125A94F4C5C","14C920B1524059A4920E2F18302F9DF1CA6E89C24F556FFF2AC84E05530684E3"
"docs/native_world_backend/N3_LOCAL_RETAINED_VOXEL_DEMAND_2026-09-23.md","migrations/native-world-backend/n3-local-retained-voxel-demand-2026-09-23.md","cd2ac5e9ce2bdcd35280819c64ba77deede9430d","29B2B7EAAB587CB268785C7572E2C1ACCCF77922F345D9F4904B78C4FE709508","29B2B7EAAB587CB268785C7572E2C1ACCCF77922F345D9F4904B78C4FE709508"
"docs/native_world_backend/N3_MANUAL_PUBLICATION_CUTOVER_CONTRACT_2026-09-23.md","migrations/native-world-backend/n3-manual-publication-cutover-contract-2026-09-23.md","cd2ac5e9ce2bdcd35280819c64ba77deede9430d","FCE1ADB79797A8169B0DA6EC48C734DE93014BD7F05E9A455901F2E56AF5F8B7","FCE1ADB79797A8169B0DA6EC48C734DE93014BD7F05E9A455901F2E56AF5F8B7"
"docs/native_world_backend/N3_MANUAL_VOXEL_BLOCK_INJECTION_FIXTURE_2026-09-23.md","migrations/native-world-backend/n3-manual-voxel-block-injection-fixture-2026-09-23.md","cd2ac5e9ce2bdcd35280819c64ba77deede9430d","3FE162C77EB98281E764F2E94BF6EDB4E873790BF42935CA8F3F57EE37902189","3FE162C77EB98281E764F2E94BF6EDB4E873790BF42935CA8F3F57EE37902189"
"docs/native_world_backend/N3_MULTI_PAGE_VOXEL_BLOCK_SHADOW_2026-09-23.md","migrations/native-world-backend/n3-multi-page-voxel-block-shadow-2026-09-23.md","cd2ac5e9ce2bdcd35280819c64ba77deede9430d","16B68BA768BDB91AEEAC7733455EAEB1307B18F516C4873562A678523F93D5E6","16B68BA768BDB91AEEAC7733455EAEB1307B18F516C4873562A678523F93D5E6"
"docs/native_world_backend/N3_N4_VOXEL_BYTES_AND_CONIFER_GRAMMAR_2026-09-23.md","migrations/native-world-backend/n3-n4-voxel-bytes-and-conifer-grammar-2026-09-23.md","cd2ac5e9ce2bdcd35280819c64ba77deede9430d","58A9609D92334C8E32A946E7EB507E9592B53FCB3A35DB5AF40A99E7995D8FFD","58A9609D92334C8E32A946E7EB507E9592B53FCB3A35DB5AF40A99E7995D8FFD"
"docs/native_world_backend/N3_N5_ARTIFACT_INTERFACE_REVIEW_2026-09-23.md","migrations/native-world-backend/n3-n5-artifact-interface-review-2026-09-23.md","cd2ac5e9ce2bdcd35280819c64ba77deede9430d","53C069BCBCAFFFF73855DF94D6474BA9FA072C454666176829A1C3E405F8514B","980CE9319F3CA5AD33B28BB155175286CEB01753599FE3E4795CF63891A08667"
"docs/native_world_backend/N3_N5_PHYSICAL_HANDOFF_REVIEW_2026-09-23.md","migrations/native-world-backend/n3-n5-physical-handoff-review-2026-09-23.md","cd2ac5e9ce2bdcd35280819c64ba77deede9430d","726CE54E70512F300865BB7A9C4CD35EFA90B10BE52BA7E0AEB7F6082F15E34C","3037BE1916ED4B9D2B84977CBEC64F344996936492619AEC1F76DF829E63690E"
"docs/native_world_backend/N3_N5_PROOF_BACKED_SOURCE_TICKET_REBIND_2026-09-24.md","migrations/native-world-backend/n3-n5-proof-backed-source-ticket-rebind-2026-09-24.md","cd2ac5e9ce2bdcd35280819c64ba77deede9430d","CD59A39336D87F3877B8F310C1A09F294B80261EEEF6AF60597215E7D2FC2301","CD59A39336D87F3877B8F310C1A09F294B80261EEEF6AF60597215E7D2FC2301"
"docs/native_world_backend/N3_N5_REAL_SOURCE_PHYSICS_2026-09-23.md","migrations/native-world-backend/n3-n5-real-source-physics-2026-09-23.md","cd2ac5e9ce2bdcd35280819c64ba77deede9430d","4EB64DA7E546F1906C35688849DE854AD927F8A3037A7BC339546F0BF59DFC49","4EB64DA7E546F1906C35688849DE854AD927F8A3037A7BC339546F0BF59DFC49"
"docs/native_world_backend/N3_PRIVATE_MAX_SAVE_RETIREMENT_2026-09-24.md","migrations/native-world-backend/n3-private-max-save-retirement-2026-09-24.md","cd2ac5e9ce2bdcd35280819c64ba77deede9430d","59CCE925136DC63C12686A0C859D28A8620CDCEE9C38B0B21DC1571DA036F37B","59CCE925136DC63C12686A0C859D28A8620CDCEE9C38B0B21DC1571DA036F37B"
"docs/native_world_backend/N3_PRIVATE_SOURCE_ISOLATION_AND_SAVE_DISPOSAL_2026-09-24.md","migrations/native-world-backend/n3-private-source-isolation-and-save-disposal-2026-09-24.md","cd2ac5e9ce2bdcd35280819c64ba77deede9430d","F2AFCF0D9CB98705646247CE0B745157A0544C61FD7DEB9171060451EDBE29D5","F2AFCF0D9CB98705646247CE0B745157A0544C61FD7DEB9171060451EDBE29D5"
"docs/native_world_backend/N3_PRODUCTION_SOURCE_ADMISSION_BRIDGE_2026-09-23.md","migrations/native-world-backend/n3-production-source-admission-bridge-2026-09-23.md","cd2ac5e9ce2bdcd35280819c64ba77deede9430d","5154D00ECD0C95555DB958DEB1B81212F002627AAF366EE81C81C4F2694DA2E6","5154D00ECD0C95555DB958DEB1B81212F002627AAF366EE81C81C4F2694DA2E6"
"docs/native_world_backend/N3_RESPONSIVE_MAIN_LOAD_INITIALIZER_DESIGN_2026-09-23.md","migrations/native-world-backend/n3-responsive-main-load-initializer-design-2026-09-23.md","cd2ac5e9ce2bdcd35280819c64ba77deede9430d","9E2CCCB95AE823F681BC25E562DDD75B1E19715ABA5F0B2D3EB7F4E3FFA4EA8F","9E2CCCB95AE823F681BC25E562DDD75B1E19715ABA5F0B2D3EB7F4E3FFA4EA8F"
"docs/native_world_backend/N3_RETAINED_VOXEL_CAPACITY_2026-09-23.md","migrations/native-world-backend/n3-retained-voxel-capacity-2026-09-23.md","cd2ac5e9ce2bdcd35280819c64ba77deede9430d","151F12F84BB1F566D05F1F2E4FF349D5E56E85093AFC5F1C25E8C4C0D2F93099","151F12F84BB1F566D05F1F2E4FF349D5E56E85093AFC5F1C25E8C4C0D2F93099"
"docs/native_world_backend/N3_STAGE_A_PRIVATE_MAIN_LOAD_2026-09-24.md","migrations/native-world-backend/n3-stage-a-private-main-load-2026-09-24.md","cd2ac5e9ce2bdcd35280819c64ba77deede9430d","0E06A771103C5F36DF4DB062842DABB716055BFD3F0CD93B312FBB8AF67DF401","0E06A771103C5F36DF4DB062842DABB716055BFD3F0CD93B312FBB8AF67DF401"
"docs/native_world_backend/N3_TERRAIN_CELL_SOURCE_CUTOVER_LEDGER_2026-09-23.md","migrations/native-world-backend/n3-terrain-cell-source-cutover-ledger-2026-09-23.md","cd2ac5e9ce2bdcd35280819c64ba77deede9430d","30A2A39D16EF323E4A4A8FE673045A8EA448F0167BC76034D3C49851DD598A48","869442353FEBF1180B0FF345E34FB986F15E9EBDB3532FFB94CF3C8CA28FBE61"
"docs/native_world_backend/N3_TERRAIN_DEMAND_PLANNER_2026-09-23.md","migrations/native-world-backend/n3-terrain-demand-planner-2026-09-23.md","cd2ac5e9ce2bdcd35280819c64ba77deede9430d","EA8379850AE03224607445327EE1EE4BD7A48AFBDD39CA946A89141E4E529F84","EA8379850AE03224607445327EE1EE4BD7A48AFBDD39CA946A89141E4E529F84"
"docs/native_world_backend/N3_TERRAIN_RUNTIME_OWNER_2026-09-23.md","migrations/native-world-backend/n3-terrain-runtime-owner-2026-09-23.md","cd2ac5e9ce2bdcd35280819c64ba77deede9430d","4F36E16BC180FF2248DE2961CD16B8FC09CF788DBC6E0FE4B1328782638C2FE7","4F36E16BC180FF2248DE2961CD16B8FC09CF788DBC6E0FE4B1328782638C2FE7"
"docs/native_world_backend/N4_BUSHY_OAK_GRAMMAR_SHADOW_2026-09-24.md","migrations/native-world-backend/n4-bushy-oak-grammar-shadow-2026-09-24.md","cd2ac5e9ce2bdcd35280819c64ba77deede9430d","9FC8B9687D531F4B098F96CADE19F640C1AF237F5A3DFC125C8D21948F1BB196","9FC8B9687D531F4B098F96CADE19F640C1AF237F5A3DFC125C8D21948F1BB196"
"docs/native_world_backend/N4_CONIFER_RAW_RUNTIME_REDUCTION_2026-09-23.md","migrations/native-world-backend/n4-conifer-raw-runtime-reduction-2026-09-23.md","cd2ac5e9ce2bdcd35280819c64ba77deede9430d","E67F5E93A959B2DDD3E76A33916A0F22A32DD9A11B7DA5C1679912D78B5A8C50","E67F5E93A959B2DDD3E76A33916A0F22A32DD9A11B7DA5C1679912D78B5A8C50"
"docs/native_world_backend/N4_CONIFER_WORKER_RECIPE_SHADOW_2026-09-23.md","migrations/native-world-backend/n4-conifer-worker-recipe-shadow-2026-09-23.md","cd2ac5e9ce2bdcd35280819c64ba77deede9430d","94B24A4ABCF446BD2D02804C0450B468B9191678777823EFA6FE6FD7B34BF320","94B24A4ABCF446BD2D02804C0450B468B9191678777823EFA6FE6FD7B34BF320"
"docs/native_world_backend/N4_FEATURE_FOOTPRINT_FAMILY_LEDGER_2026-09-23.md","migrations/native-world-backend/n4-feature-footprint-family-ledger-2026-09-23.md","cd2ac5e9ce2bdcd35280819c64ba77deede9430d","1B1421636B489F8AE5D8F546642AB628E29B44186CD518D3DD5EBFC3EF148016","C5E25950FBC8EB20AC97CD67D8AA49E5670D0430E00E29421D4DF54D904F0885"
"docs/native_world_backend/N4_FEATURE_FOOTPRINT_PREREQUISITES_2026-09-22.md","migrations/native-world-backend/n4-feature-footprint-prerequisites-2026-09-22.md","cd2ac5e9ce2bdcd35280819c64ba77deede9430d","D72B85F21FCECCF5E3D3A056BE6BB9B0E0D57C386B10BB2C0B2EDF17D3F7E4A5","D72B85F21FCECCF5E3D3A056BE6BB9B0E0D57C386B10BB2C0B2EDF17D3F7E4A5"
"docs/native_world_backend/N4_ORDERED_ROCK_VISUAL_SHADOW_2026-09-22.md","migrations/native-world-backend/n4-ordered-rock-visual-shadow-2026-09-22.md","cd2ac5e9ce2bdcd35280819c64ba77deede9430d","F27A5133C135CF98CBC5074AFCEA48459F63855D92338E6AD7FEF81E961025F9","F27A5133C135CF98CBC5074AFCEA48459F63855D92338E6AD7FEF81E961025F9"
"docs/native_world_backend/N4_STRUCTURE_EXCLUSION_ORACLE_2026-09-22.md","migrations/native-world-backend/n4-structure-exclusion-oracle-2026-09-22.md","cd2ac5e9ce2bdcd35280819c64ba77deede9430d","50C3FB14418F08ED8264590C2190D8DC00958006CD3149CF004BBEC16C328190","50C3FB14418F08ED8264590C2190D8DC00958006CD3149CF004BBEC16C328190"
"docs/native_world_backend/N4_SURFACE_CONSTRUCTION_SHADOW_2026-09-23.md","migrations/native-world-backend/n4-surface-construction-shadow-2026-09-23.md","cd2ac5e9ce2bdcd35280819c64ba77deede9430d","1000F697A0B81D495BCD2C34FB827178FC0374F4FD45CADB3A52BB3FF45A029D","1000F697A0B81D495BCD2C34FB827178FC0374F4FD45CADB3A52BB3FF45A029D"
"docs/native_world_backend/N4_SURFACE_FEATURE_MANIFEST_SHADOW_2026-09-23.md","migrations/native-world-backend/n4-surface-feature-manifest-shadow-2026-09-23.md","cd2ac5e9ce2bdcd35280819c64ba77deede9430d","533D0E8AAC610543583A8589173C808AC47E50A85E5DCB93927CF08C210993E7","533D0E8AAC610543583A8589173C808AC47E50A85E5DCB93927CF08C210993E7"
"docs/native_world_backend/N4_SURFACE_PROP_CHUNK_DIFFERENCE_SHADOW_2026-09-22.md","migrations/native-world-backend/n4-surface-prop-chunk-difference-shadow-2026-09-22.md","cd2ac5e9ce2bdcd35280819c64ba77deede9430d","F7399B2773AEA0B45C87B312AE2FA744E8D8F89E4D3E0C2D815C7B5BC8137196","F7399B2773AEA0B45C87B312AE2FA744E8D8F89E4D3E0C2D815C7B5BC8137196"
"docs/native_world_backend/N4_SURFACE_TRANSITION_ADMISSION_CONTRACT_2026-09-23.md","migrations/native-world-backend/n4-surface-transition-admission-contract-2026-09-23.md","cd2ac5e9ce2bdcd35280819c64ba77deede9430d","49231C89A58F238FDED0905B8D67EC5391B8A88A6AB461A259F27C56BB8412C9","49231C89A58F238FDED0905B8D67EC5391B8A88A6AB461A259F27C56BB8412C9"
"docs/native_world_backend/N4_TREE_ARTIFACT_SHADOW_2026-09-24.md","migrations/native-world-backend/n4-tree-artifact-shadow-2026-09-24.md","cd2ac5e9ce2bdcd35280819c64ba77deede9430d","69137F1001BCCF6A27C46944FEA33D8F4C099A973162B289A23EACDFE24F86A5","69137F1001BCCF6A27C46944FEA33D8F4C099A973162B289A23EACDFE24F86A5"
"docs/native_world_backend/N4_UNCHANGED_NPC_BASELINE_REGRESSION_2026-09-22.md","migrations/native-world-backend/n4-unchanged-npc-baseline-regression-2026-09-22.md","cd2ac5e9ce2bdcd35280819c64ba77deede9430d","31A42B6AEEFF3A3B98DC94E477C2D8041CF67046CE8491C7BAABED7FBFC0A010","31A42B6AEEFF3A3B98DC94E477C2D8041CF67046CE8491C7BAABED7FBFC0A010"
"docs/native_world_backend/N4_UNDERGROUND_PROP_SOURCE_SHADOW_2026-09-24.md","migrations/native-world-backend/n4-underground-prop-source-shadow-2026-09-24.md","cd2ac5e9ce2bdcd35280819c64ba77deede9430d","98F4131327730A8247811A65579FA90A4647F962756292BD793DC7EC6156A8B0","98F4131327730A8247811A65579FA90A4647F962756292BD793DC7EC6156A8B0"
"docs/native_world_backend/N5_ACTOR_INGRESS_AUDIT_2026-09-27.md","migrations/native-world-backend/n5-actor-ingress-audit-2026-09-27.md","cd2ac5e9ce2bdcd35280819c64ba77deede9430d","38463223D390AE2239BEF7B55E527F989898D450D20CB89189E9C80CFE440B2E","38463223D390AE2239BEF7B55E527F989898D450D20CB89189E9C80CFE440B2E"
"docs/native_world_backend/N5_COLLISION_AUTHORITY_AUDIT_2026-09-23.md","migrations/native-world-backend/n5-collision-authority-audit-2026-09-23.md","cd2ac5e9ce2bdcd35280819c64ba77deede9430d","A8679739D7B4DD8CB541DAB0FB8E1A1AE725A4D519D7A23E298F47F23F0B9BC6","A8679739D7B4DD8CB541DAB0FB8E1A1AE725A4D519D7A23E298F47F23F0B9BC6"
"docs/native_world_backend/N5_COLLISION_MEMORY_POLICY_2026-09-24.md","migrations/native-world-backend/n5-collision-memory-policy-2026-09-24.md","cd2ac5e9ce2bdcd35280819c64ba77deede9430d","8A3F4750ACDB310679FBCBEE2DBAA9D5039BADC7A541D0CCE18ACC165E8BE6B1","8A3F4750ACDB310679FBCBEE2DBAA9D5039BADC7A541D0CCE18ACC165E8BE6B1"
"docs/native_world_backend/N5_COMPOSED_WINDOW_ADMISSION_2026-09-23.md","migrations/native-world-backend/n5-composed-window-admission-2026-09-23.md","cd2ac5e9ce2bdcd35280819c64ba77deede9430d","067E8D5780419D2633B6F4BCAFA09084754168AACAC6B1FCD98EDAD35D85C8C1","067E8D5780419D2633B6F4BCAFA09084754168AACAC6B1FCD98EDAD35D85C8C1"
"docs/native_world_backend/N5_RESIDENT_COLLISION_OWNER_STAGE_2026-09-23.md","migrations/native-world-backend/n5-resident-collision-owner-stage-2026-09-23.md","cd2ac5e9ce2bdcd35280819c64ba77deede9430d","66D9AB18A6C19B26C584162A385263FF1B015BEE9359A5C07309201CA3AF6185","66D9AB18A6C19B26C584162A385263FF1B015BEE9359A5C07309201CA3AF6185"
"docs/native_world_backend/N5_WINDOW_AGGREGATE_RECEIPT_2026-09-23.md","migrations/native-world-backend/n5-window-aggregate-receipt-2026-09-23.md","cd2ac5e9ce2bdcd35280819c64ba77deede9430d","A12894851FA48E51F23C84C8F723B74D877AAD8F7DD6A3869D4F2A58B2058F8C","A12894851FA48E51F23C84C8F723B74D877AAD8F7DD6A3869D4F2A58B2058F8C"
"docs/native_world_backend/N6_DEPENDENCY_INVENTORY_2026-09-23.md","migrations/native-world-backend/n6-dependency-inventory-2026-09-23.md","cd2ac5e9ce2bdcd35280819c64ba77deede9430d","9872B32EBD33B7E3DB6E54C9240CD40C049F926EEEAFDE444E66BE3EE3F84C89","6E4D6ADF0B87FCE9E4DC330F73EA4A3A5F55AC654EA5F8024476E852B2DD2463"
"docs/native_world_backend/N7_RESIDUAL_CONSUMER_CHECKLIST_2026-09-23.md","migrations/native-world-backend/n7-residual-consumer-checklist-2026-09-23.md","cd2ac5e9ce2bdcd35280819c64ba77deede9430d","DD5B048CD60ECDBFA7B01F730D97B4E6DBB4C8178107057FFDAD1CD2E16932B6","A88E442722FEA8BF619582D33D5432FA7BBF677A7F12FB74CE81F6BC61605680"
"docs/native_world_backend/N8_FOCUSED_PERFORMANCE_EVIDENCE_MAP_2026-09-23.md","migrations/native-world-backend/n8-focused-performance-evidence-map-2026-09-23.md","cd2ac5e9ce2bdcd35280819c64ba77deede9430d","7775ABB0A9A753B726A13F050C96AEF3F740AD30BD06D3F4F6C30C429A13D623","77F331537BDFDD480F058F682BE29926E6F603F4A697BA2E76CB2923D88BEDB7"
"docs/npc_pathfinding/BASELINE_AUDIT.md","gameplay/npc-navigation/history/baseline-audit.md","cd2ac5e9ce2bdcd35280819c64ba77deede9430d","6A0B36B31CD3314F41A7F99C0C9CF0B75AD21F8F0BC0578382D2993A745F2F58","6A0B36B31CD3314F41A7F99C0C9CF0B75AD21F8F0BC0578382D2993A745F2F58"
"docs/npc_pathfinding/FINAL_ACCEPTANCE_REPORT.md","gameplay/npc-navigation/history/final-acceptance-report.md","cd2ac5e9ce2bdcd35280819c64ba77deede9430d","C33A389A7DB1C164B04FD0CCB1DBB2B8E265A5B1EFBF81BA887BBCE753BCFB38","C33A389A7DB1C164B04FD0CCB1DBB2B8E265A5B1EFBF81BA887BBCE753BCFB38"
"docs/npc_pathfinding/MATURE_NAV_PHASE_00_01_FOUNDATION_REPORT.md","gameplay/npc-navigation/history/mature-nav-phase-00-01-foundation-report.md","cd2ac5e9ce2bdcd35280819c64ba77deede9430d","A0B7776FB9295B1E4672626725535B94CA36B1EE3B8A0FCB98E608A330B9050B","A0B7776FB9295B1E4672626725535B94CA36B1EE3B8A0FCB98E608A330B9050B"
"docs/npc_pathfinding/MATURE_NAV_PHASE_01_NAVMESH_WORLD_SERVICE_REPORT.md","gameplay/npc-navigation/history/mature-nav-phase-01-navmesh-world-service-report.md","cd2ac5e9ce2bdcd35280819c64ba77deede9430d","594D703261AC7C71178421699FB54D9EB5208DF9EA6776E6E8DFF9732583764D","594D703261AC7C71178421699FB54D9EB5208DF9EA6776E6E8DFF9732583764D"
"docs/npc_pathfinding/MATURE_NAV_PHASE_02_ROUTE_QUERY_PARITY_REPORT.md","gameplay/npc-navigation/history/mature-nav-phase-02-route-query-parity-report.md","cd2ac5e9ce2bdcd35280819c64ba77deede9430d","02ED4DC0A3B5D15EF72B4CB086ACA532BF53EFD843F3609A7EED1186DD271049","02ED4DC0A3B5D15EF72B4CB086ACA532BF53EFD843F3609A7EED1186DD271049"
"docs/npc_pathfinding/MATURE_NAV_PHASE_03_DOORS_LINKS_DYNAMIC_EDITS_REPORT.md","gameplay/npc-navigation/history/mature-nav-phase-03-doors-links-dynamic-edits-report.md","cd2ac5e9ce2bdcd35280819c64ba77deede9430d","FB19E6275FF76D54BE4AA871099AFD276C32B25AB58A9B17D95897D3D286FA8A","FB19E6275FF76D54BE4AA871099AFD276C32B25AB58A9B17D95897D3D286FA8A"
"docs/npc_pathfinding/MATURE_NAV_PHASE_04_BEHAVIOR_AUTHORING_REPORT.md","gameplay/npc-navigation/history/mature-nav-phase-04-behavior-authoring-report.md","cd2ac5e9ce2bdcd35280819c64ba77deede9430d","04957D1CF59C225EEDF67755E6BB83806F9BC5EB9CA4547C886655B42A99A2B0","04957D1CF59C225EEDF67755E6BB83806F9BC5EB9CA4547C886655B42A99A2B0"
"docs/npc_pathfinding/MATURE_NAV_PHASE_05_TOOLING_SCENARIOS_REPORT.md","gameplay/npc-navigation/history/mature-nav-phase-05-tooling-scenarios-report.md","cd2ac5e9ce2bdcd35280819c64ba77deede9430d","B0A24C7A1C67BF0ABDB5EB2A05D78B2B76CB5A251CBC84EED7690871342DD861","B0A24C7A1C67BF0ABDB5EB2A05D78B2B76CB5A251CBC84EED7690871342DD861"
"docs/npc_pathfinding/MATURE_NAV_PHASE_06_LEGACY_REMOVAL_ACCEPTANCE_REPORT.md","gameplay/npc-navigation/history/mature-nav-phase-06-legacy-removal-acceptance-report.md","cd2ac5e9ce2bdcd35280819c64ba77deede9430d","E20116B205C4444C08B7D3A542134285DBC1E3324C4538836CA816B71E8F3178","E20116B205C4444C08B7D3A542134285DBC1E3324C4538836CA816B71E8F3178"
"docs/npc_pathfinding/PHASE_00_REPORT.md","gameplay/npc-navigation/history/phase-00-report.md","cd2ac5e9ce2bdcd35280819c64ba77deede9430d","02C4275D254839CAA1410F4B32763719FA927BF99711C2591B47C38FA692705D","02C4275D254839CAA1410F4B32763719FA927BF99711C2591B47C38FA692705D"
"docs/npc_pathfinding/PHASE_01_REPORT.md","gameplay/npc-navigation/history/phase-01-report.md","cd2ac5e9ce2bdcd35280819c64ba77deede9430d","260DFA760A280C91D6161BE95995C5DB1D1BE961B30B9C25D0AE43BBB4FB627B","260DFA760A280C91D6161BE95995C5DB1D1BE961B30B9C25D0AE43BBB4FB627B"
"docs/npc_pathfinding/PHASE_02_REPORT.md","gameplay/npc-navigation/history/phase-02-report.md","cd2ac5e9ce2bdcd35280819c64ba77deede9430d","C433595C2FB64904D4DC5E99CD7D8CFD48C4A8E918C5FB971FD5B0626A7DD4A0","C433595C2FB64904D4DC5E99CD7D8CFD48C4A8E918C5FB971FD5B0626A7DD4A0"
"docs/npc_pathfinding/PHASE_03_REPORT.md","gameplay/npc-navigation/history/phase-03-report.md","cd2ac5e9ce2bdcd35280819c64ba77deede9430d","0BC62A101CD459DB1822C0868DE1F8270CAECA05C8EA7D54E6B4065ABD5A1DD3","0BC62A101CD459DB1822C0868DE1F8270CAECA05C8EA7D54E6B4065ABD5A1DD3"
"docs/npc_pathfinding/PHASE_04_REPORT.md","gameplay/npc-navigation/history/phase-04-report.md","cd2ac5e9ce2bdcd35280819c64ba77deede9430d","365137CAC657A4172D4118C4DB9FE1E0733D5C21555DA2A8DAB06238767F3FF1","365137CAC657A4172D4118C4DB9FE1E0733D5C21555DA2A8DAB06238767F3FF1"
"docs/npc_pathfinding/PHASE_05_REPORT.md","gameplay/npc-navigation/history/phase-05-report.md","cd2ac5e9ce2bdcd35280819c64ba77deede9430d","37DC7F030991F46850CACB22C9BA26E1B351E1323750D9DE05C0809A4C7011FC","37DC7F030991F46850CACB22C9BA26E1B351E1323750D9DE05C0809A4C7011FC"
"docs/npc_pathfinding/PHASE_06_REPORT.md","gameplay/npc-navigation/history/phase-06-report.md","cd2ac5e9ce2bdcd35280819c64ba77deede9430d","A4D181B1CE74BC2163A9AC4E06C3C11F8A65C3D28A0DA505C041B4D0DFBAA168","A4D181B1CE74BC2163A9AC4E06C3C11F8A65C3D28A0DA505C041B4D0DFBAA168"
"docs/npc_pathfinding/PHASE_07_REPORT.md","gameplay/npc-navigation/history/phase-07-report.md","cd2ac5e9ce2bdcd35280819c64ba77deede9430d","F166A7238AAD36EC55639F1FEC83503B41DB97029B1B7699348ED74C3E85A21A","F166A7238AAD36EC55639F1FEC83503B41DB97029B1B7699348ED74C3E85A21A"
"docs/npc_pathfinding/PHASE_08_REPORT.md","gameplay/npc-navigation/history/phase-08-report.md","cd2ac5e9ce2bdcd35280819c64ba77deede9430d","2796D4CDD25114A584DC32F8903BD73704A6CD4E27E346FC997A63F281039B7F","2796D4CDD25114A584DC32F8903BD73704A6CD4E27E346FC997A63F281039B7F"
"docs/npc_pathfinding/PHASE_09_REPORT.md","gameplay/npc-navigation/history/phase-09-report.md","cd2ac5e9ce2bdcd35280819c64ba77deede9430d","C5A24F462D14DD608B1BF4F2113724A899CDB6EDF81A31CDFCC257F1B79F5271","C5A24F462D14DD608B1BF4F2113724A899CDB6EDF81A31CDFCC257F1B79F5271"
"docs/npc_pathfinding/PHASE_0_BASELINE_FREEZE_REPORT.md","gameplay/npc-navigation/history/phase-0-baseline-freeze-report.md","cd2ac5e9ce2bdcd35280819c64ba77deede9430d","6D4D08E1CFB1771DB405A140768D4B9F7AE6BEB22DCD27617E5DA86473F1A220","6D4D08E1CFB1771DB405A140768D4B9F7AE6BEB22DCD27617E5DA86473F1A220"
"docs/npc_pathfinding/PHASE_10_PERFORMANCE_FAIRNESS_AND_SOAK_REPORT.md","gameplay/npc-navigation/history/phase-10-performance-fairness-and-soak-report.md","cd2ac5e9ce2bdcd35280819c64ba77deede9430d","2536A864957F3D322CAF1C2B6EB1FFEAD23A741DC0FD245D820BA9EFDA928470","2536A864957F3D322CAF1C2B6EB1FFEAD23A741DC0FD245D820BA9EFDA928470"
"docs/npc_pathfinding/PHASE_10_REPORT.md","gameplay/npc-navigation/history/phase-10-report.md","cd2ac5e9ce2bdcd35280819c64ba77deede9430d","5EDCA5D82F165BC2DFAC80B7FBF3ABE39E1E61C031D18C639E6559ACF435F80A","5EDCA5D82F165BC2DFAC80B7FBF3ABE39E1E61C031D18C639E6559ACF435F80A"
"docs/npc_pathfinding/PHASE_11_FULL_RELEASE_ACCEPTANCE_REPORT.md","gameplay/npc-navigation/history/phase-11-full-release-acceptance-report.md","cd2ac5e9ce2bdcd35280819c64ba77deede9430d","2BD926D50306BAC148841A053946C0A74C173DDC421CC9AC1598995F8B83CFA6","2BD926D50306BAC148841A053946C0A74C173DDC421CC9AC1598995F8B83CFA6"
"docs/npc_pathfinding/PHASE_11_REPORT.md","gameplay/npc-navigation/history/phase-11-report.md","cd2ac5e9ce2bdcd35280819c64ba77deede9430d","F11CF081B7CF59821230846C62A21F1F0748989BE93CF77B46687A0DD43125C9","F11CF081B7CF59821230846C62A21F1F0748989BE93CF77B46687A0DD43125C9"
"docs/npc_pathfinding/PHASE_12_REPORT.md","gameplay/npc-navigation/history/phase-12-report.md","cd2ac5e9ce2bdcd35280819c64ba77deede9430d","58DB63DCD88942DB4584E73B42014A4EA4B672220D094B3B78C14575DED99E5C","58DB63DCD88942DB4584E73B42014A4EA4B672220D094B3B78C14575DED99E5C"
"docs/npc_pathfinding/PHASE_13_REPORT.md","gameplay/npc-navigation/history/phase-13-report.md","cd2ac5e9ce2bdcd35280819c64ba77deede9430d","58674E90CC4BEE686B7FBBA741D81F6D8AFDFA50F931EBD5EF1D909D9F2EF4E0","58674E90CC4BEE686B7FBBA741D81F6D8AFDFA50F931EBD5EF1D909D9F2EF4E0"
"docs/npc_pathfinding/PHASE_1_REAL_BOOT_AUTONOMY_MATRIX_REPORT.md","gameplay/npc-navigation/history/phase-1-real-boot-autonomy-matrix-report.md","cd2ac5e9ce2bdcd35280819c64ba77deede9430d","06110F81CF5A69755FDF6804F9D147C688B209442C5B86956EE5A921B024B871","06110F81CF5A69755FDF6804F9D147C688B209442C5B86956EE5A921B024B871"
"docs/npc_pathfinding/PHASE_2_ROUTE_STATE_WRITER_LOCKDOWN_REPORT.md","gameplay/npc-navigation/history/phase-2-route-state-writer-lockdown-report.md","cd2ac5e9ce2bdcd35280819c64ba77deede9430d","E4CDC4DF959793E338BF666C0910CB9C488C438752BA30852462EBCCC5AEB108","E4CDC4DF959793E338BF666C0910CB9C488C438752BA30852462EBCCC5AEB108"
"docs/npc_pathfinding/PHASE_3_NPC_ROUTE_AUTHORITY_V2_SKELETON_REPORT.md","gameplay/npc-navigation/history/phase-3-npc-route-authority-v2-skeleton-report.md","cd2ac5e9ce2bdcd35280819c64ba77deede9430d","B867B59B52A767F48C8D3A4E2C9B00F1217EC6C270CD8CBDC74CE30F8574E0DE","B867B59B52A767F48C8D3A4E2C9B00F1217EC6C270CD8CBDC74CE30F8574E0DE"
"docs/npc_pathfinding/PHASE_4_COLLISION_BACKED_ROUTE_SUBSTRATE_REPORT.md","gameplay/npc-navigation/history/phase-4-collision-backed-route-substrate-report.md","cd2ac5e9ce2bdcd35280819c64ba77deede9430d","D4F764D8FBC1DE4703A72FDCCAEDA05B081752D9A96FF503A867CA861BAEBB2D","D4F764D8FBC1DE4703A72FDCCAEDA05B081752D9A96FF503A867CA861BAEBB2D"
"docs/npc_pathfinding/PHASE_5_PROBE_BEFORE_COMMIT_REPORT.md","gameplay/npc-navigation/history/phase-5-probe-before-commit-report.md","cd2ac5e9ce2bdcd35280819c64ba77deede9430d","4D96E8E64A744EA5F3D3A281B1DD952F867D33FEF04D7A4A0FCF416BBD749B90","4D96E8E64A744EA5F3D3A281B1DD952F867D33FEF04D7A4A0FCF416BBD749B90"
"docs/npc_pathfinding/PHASE_6_ROUTE_EXECUTOR_MOTOR_INTEGRATION_REPORT.md","gameplay/npc-navigation/history/phase-6-route-executor-motor-integration-report.md","cd2ac5e9ce2bdcd35280819c64ba77deede9430d","62F4E68269544EB4F58CFFCEF973B38D3F2A71D36820E97EC500CB7C2B368EA0","62F4E68269544EB4F58CFFCEF973B38D3F2A71D36820E97EC500CB7C2B368EA0"
"docs/npc_pathfinding/PHASE_7_MIGRATE_HOME_RETURN_REPORT.md","gameplay/npc-navigation/history/phase-7-migrate-home-return-report.md","cd2ac5e9ce2bdcd35280819c64ba77deede9430d","EBFEAEA5F1BCC93FA9B35DBC91E70136BD565DF4B385AEEF526B579B6EA5B43C","EBFEAEA5F1BCC93FA9B35DBC91E70136BD565DF4B385AEEF526B579B6EA5B43C"
"docs/npc_pathfinding/PHASE_8_MIGRATE_WORK_FORAGE_GUARD_ROAM_REPORT.md","gameplay/npc-navigation/history/phase-8-migrate-work-forage-guard-roam-report.md","cd2ac5e9ce2bdcd35280819c64ba77deede9430d","1F9DD5F3883DDA39CCAB1DC5FC5F5BBC618F171626431FBB9D11616CE48F070B","1F9DD5F3883DDA39CCAB1DC5FC5F5BBC618F171626431FBB9D11616CE48F070B"
"docs/npc_pathfinding/PHASE_9_REMOVE_LEGACY_PRODUCTION_PATHFINDING_REPORT.md","gameplay/npc-navigation/history/phase-9-remove-legacy-production-pathfinding-report.md","cd2ac5e9ce2bdcd35280819c64ba77deede9430d","BA74AD7E089508806D7DB9B2B4F5781B1CC0BCD3E91C4B1DB3F1FD21D2936869","BA74AD7E089508806D7DB9B2B4F5781B1CC0BCD3E91C4B1DB3F1FD21D2936869"
"docs/npc_pathfinding/VOX42_PHASE_1_TRUTHFUL_FAILING_ACCEPTANCE_REPORT.md","gameplay/npc-navigation/history/vox42-phase-1-truthful-failing-acceptance-report.md","cd2ac5e9ce2bdcd35280819c64ba77deede9430d","52C46339B3404ACF653E9C22C10BC67E6613A119104545EC1A84A3A2347DF47F","52C46339B3404ACF653E9C22C10BC67E6613A119104545EC1A84A3A2347DF47F"
"docs/npc_pathfinding/VOX42_PHASE_2_V2_RESERVATION_LIFETIME_REPORT.md","gameplay/npc-navigation/history/vox42-phase-2-v2-reservation-lifetime-report.md","cd2ac5e9ce2bdcd35280819c64ba77deede9430d","949BD22E82DCA2490B1242109FA6DBD73B68F5E414CB077B4FA6CDB58515182B","949BD22E82DCA2490B1242109FA6DBD73B68F5E414CB077B4FA6CDB58515182B"
"docs/npc_pathfinding/VOX42_PHASE_3_EXACT_FORAGE_SLOT_REPORT.md","gameplay/npc-navigation/history/vox42-phase-3-exact-forage-slot-report.md","cd2ac5e9ce2bdcd35280819c64ba77deede9430d","1BF9F841BF6515CDAFD8F07A3CE888A48B5859BEBD87ED7E227B7E90909B523C","1BF9F841BF6515CDAFD8F07A3CE888A48B5859BEBD87ED7E227B7E90909B523C"
"docs/npc_pathfinding/VOX42_PHASE_4_LIVE_COMPLETION_AND_BOUNDED_RETARGET_REPORT.md","gameplay/npc-navigation/history/vox42-phase-4-live-completion-and-bounded-retarget-report.md","cd2ac5e9ce2bdcd35280819c64ba77deede9430d","362A9A30C8FAB05016F39844D21BBBF2653505166B859242AFBE0F4E7AAB5D6E","362A9A30C8FAB05016F39844D21BBBF2653505166B859242AFBE0F4E7AAB5D6E"
"docs/npc_pathfinding/repair/FINAL_LIVE_REPAIR_ACCEPTANCE_REPORT.md","gameplay/npc-navigation/history/final-live-repair-acceptance-report.md","cd2ac5e9ce2bdcd35280819c64ba77deede9430d","C4C677CCD6F9BE436B7B5A87854B7DD4A37FAAEFC911F907A360629CFEFBD915","C4C677CCD6F9BE436B7B5A87854B7DD4A37FAAEFC911F907A360629CFEFBD915"
"docs/npc_pathfinding/repair/PHASE_R00_REPORT.md","gameplay/npc-navigation/history/phase-r00-report.md","cd2ac5e9ce2bdcd35280819c64ba77deede9430d","D9015E0671D07A1C510DEAD47CD46B5DA3DF7C9C49B21B367404EB60B499AD8E","D9015E0671D07A1C510DEAD47CD46B5DA3DF7C9C49B21B367404EB60B499AD8E"
"docs/npc_pathfinding/repair/PHASE_R01_REPORT.md","gameplay/npc-navigation/history/phase-r01-report.md","cd2ac5e9ce2bdcd35280819c64ba77deede9430d","754C6C62347F25E0D78526D418603B1EC60E9F7E4ABF20319A609A4BAC3F6152","754C6C62347F25E0D78526D418603B1EC60E9F7E4ABF20319A609A4BAC3F6152"
"docs/npc_pathfinding/repair/PHASE_R02_REPORT.md","gameplay/npc-navigation/history/phase-r02-report.md","cd2ac5e9ce2bdcd35280819c64ba77deede9430d","5BEE034A850D4AA13F2993885DA961C01B3DF226DBB706D27CC2016B6700CB42","5BEE034A850D4AA13F2993885DA961C01B3DF226DBB706D27CC2016B6700CB42"
"docs/npc_pathfinding/repair/PHASE_R03_REPORT.md","gameplay/npc-navigation/history/phase-r03-report.md","cd2ac5e9ce2bdcd35280819c64ba77deede9430d","09819C1DB27DB78B4F74E024EE6F63284007918D75368837066E49D2CE6BBAD0","09819C1DB27DB78B4F74E024EE6F63284007918D75368837066E49D2CE6BBAD0"
"docs/npc_pathfinding/repair/PHASE_R04_REPORT.md","gameplay/npc-navigation/history/phase-r04-report.md","cd2ac5e9ce2bdcd35280819c64ba77deede9430d","5813CE1C59104A453C5B16DB77F0870C1008FF76AC5096481B1BD210B17915DB","5813CE1C59104A453C5B16DB77F0870C1008FF76AC5096481B1BD210B17915DB"
"docs/npc_pathfinding/repair/PHASE_R05_REPORT.md","gameplay/npc-navigation/history/phase-r05-report.md","cd2ac5e9ce2bdcd35280819c64ba77deede9430d","EE2CF2CD9D63F7F252BB710C9098BA59199CB158470206F5593FDFD66CF91D63","EE2CF2CD9D63F7F252BB710C9098BA59199CB158470206F5593FDFD66CF91D63"
"docs/npc_pathfinding/repair/PHASE_R06_REPORT.md","gameplay/npc-navigation/history/phase-r06-report.md","cd2ac5e9ce2bdcd35280819c64ba77deede9430d","C8831843156325C978E033F5666F1684F47D9E1B1B790F0F04F1B0FB34477561","C8831843156325C978E033F5666F1684F47D9E1B1B790F0F04F1B0FB34477561"
"docs/story/STORY_BASELINE.md","game-design/story/history/story-baseline.md","cd2ac5e9ce2bdcd35280819c64ba77deede9430d","6CC4B0C55B83E177BA343FDF7EDF0DA18DB5EA1D9459A55E7D0E883666801D93","6CC4B0C55B83E177BA343FDF7EDF0DA18DB5EA1D9459A55E7D0E883666801D93"
"docs/story/STORY_FIRST_ARC_AUDIT.md","game-design/story/history/story-first-arc-audit.md","cd2ac5e9ce2bdcd35280819c64ba77deede9430d","A69B637CA2F457684D7237E2B33BD0768440DD31777CE8EB8DCD4C8CEED6B3AF","A69B637CA2F457684D7237E2B33BD0768440DD31777CE8EB8DCD4C8CEED6B3AF"
"docs/story/STORY_PHASE10_REPORT.md","game-design/story/history/story-phase10-report.md","cd2ac5e9ce2bdcd35280819c64ba77deede9430d","005D5582BF331AFB156A648AA3443E89EB3168C9D9802AFA37E36C1A6A77B00B","005D5582BF331AFB156A648AA3443E89EB3168C9D9802AFA37E36C1A6A77B00B"
"docs/story/STORY_PHASE11_REPORT.md","game-design/story/history/story-phase11-report.md","cd2ac5e9ce2bdcd35280819c64ba77deede9430d","5EEEA33E47465781A439EBD707E05A1A08B2DC7846D8CD0BF59A1641CFE6C2D1","5EEEA33E47465781A439EBD707E05A1A08B2DC7846D8CD0BF59A1641CFE6C2D1"
"docs/story/STORY_PHASE12_REPORT.md","game-design/story/history/story-phase12-report.md","cd2ac5e9ce2bdcd35280819c64ba77deede9430d","0C4362F8BB6A141F43B2A1B1133550A46BD0B944090AD30F7B62521DF6EE263D","0C4362F8BB6A141F43B2A1B1133550A46BD0B944090AD30F7B62521DF6EE263D"
"docs/story/STORY_PHASE13_REPORT.md","game-design/story/history/story-phase13-report.md","cd2ac5e9ce2bdcd35280819c64ba77deede9430d","4AB400E06122060E2C43AC4898931A255055E9C9741485DACA009C6C93C048E2","4AB400E06122060E2C43AC4898931A255055E9C9741485DACA009C6C93C048E2"
"docs/story/STORY_PHASE14_REPORT.md","game-design/story/history/story-phase14-report.md","cd2ac5e9ce2bdcd35280819c64ba77deede9430d","D78C6AC754F78C2CF612DCAB4469E199FBB34524CBEC401B6DA69DE7CC6F52DA","D78C6AC754F78C2CF612DCAB4469E199FBB34524CBEC401B6DA69DE7CC6F52DA"
"docs/story/STORY_PHASE1B_REPORT.md","game-design/story/history/story-phase1b-report.md","cd2ac5e9ce2bdcd35280819c64ba77deede9430d","CE8FB27CCE8324196FF048F7D6D0FAB16D477F24E3361B17E37B19A21CEAC6F8","CE8FB27CCE8324196FF048F7D6D0FAB16D477F24E3361B17E37B19A21CEAC6F8"
"docs/story/STORY_PHASE1_REPORT.md","game-design/story/history/story-phase1-report.md","cd2ac5e9ce2bdcd35280819c64ba77deede9430d","63AE408B06D925F173A3C103007F879E8C428E74B1E0BD5CD9B7A55C3C46BBD9","63AE408B06D925F173A3C103007F879E8C428E74B1E0BD5CD9B7A55C3C46BBD9"
"docs/story/STORY_PHASE2_REPORT.md","game-design/story/history/story-phase2-report.md","cd2ac5e9ce2bdcd35280819c64ba77deede9430d","BAB8E8AF0998B753A6E888F107B7D107566B0B951BDB34283C3764E48567B430","BAB8E8AF0998B753A6E888F107B7D107566B0B951BDB34283C3764E48567B430"
"docs/story/STORY_PHASE3_REPORT.md","game-design/story/history/story-phase3-report.md","cd2ac5e9ce2bdcd35280819c64ba77deede9430d","BB04A0BFDFC304F99F1F32BC5BD02A2801FA5B21D72FD64C56C13025106E505E","BB04A0BFDFC304F99F1F32BC5BD02A2801FA5B21D72FD64C56C13025106E505E"
"docs/story/STORY_PHASE4_REPORT.md","game-design/story/history/story-phase4-report.md","cd2ac5e9ce2bdcd35280819c64ba77deede9430d","C526633881E63678E5C7DDDB7A2C03D4D27F52AE864B45465CC0187B57F25699","C526633881E63678E5C7DDDB7A2C03D4D27F52AE864B45465CC0187B57F25699"
"docs/story/STORY_PHASE5_REPORT.md","game-design/story/history/story-phase5-report.md","cd2ac5e9ce2bdcd35280819c64ba77deede9430d","F2DC02A55E380A38947C6D4762A6308082C0235B900601D78FD789385FF97530","F2DC02A55E380A38947C6D4762A6308082C0235B900601D78FD789385FF97530"
"docs/story/STORY_PHASE6_REPORT.md","game-design/story/history/story-phase6-report.md","cd2ac5e9ce2bdcd35280819c64ba77deede9430d","40EF50F8ED671018FC7307A29EA0D4B9E9CF621ED987DC43C7E70D0FD7551494","40EF50F8ED671018FC7307A29EA0D4B9E9CF621ED987DC43C7E70D0FD7551494"
"docs/story/STORY_PHASE7_REPORT.md","game-design/story/history/story-phase7-report.md","cd2ac5e9ce2bdcd35280819c64ba77deede9430d","1BD8425E36AB7C8DE3A41186E97335EA9D33D96C110C3699A3CA1D966A45DD1E","1BD8425E36AB7C8DE3A41186E97335EA9D33D96C110C3699A3CA1D966A45DD1E"
"docs/story/STORY_PHASE8_REPORT.md","game-design/story/history/story-phase8-report.md","cd2ac5e9ce2bdcd35280819c64ba77deede9430d","A309847DE1FDEDFC63578C72C79FF3E858EB89235648B825E93838AEF427634B","A309847DE1FDEDFC63578C72C79FF3E858EB89235648B825E93838AEF427634B"
"docs/story/STORY_PHASE9_REPORT.md","game-design/story/history/story-phase9-report.md","cd2ac5e9ce2bdcd35280819c64ba77deede9430d","DDA889D24C1E7C4672384B3B0F233455A6297A85BE5123D05F8C59BBEFDB626D","DDA889D24C1E7C4672384B3B0F233455A6297A85BE5123D05F8C59BBEFDB626D"
"docs/story/STORY_PHASE_A_RELEASE_AFFORDANCE_REPORT.md","game-design/story/history/story-phase-a-release-affordance-report.md","cd2ac5e9ce2bdcd35280819c64ba77deede9430d","451AC0F17C41E46E510A793C309871ED9ED2B436F41E2882240195ED7664BDEC","451AC0F17C41E46E510A793C309871ED9ED2B436F41E2882240195ED7664BDEC"
"docs/story/STORY_PHASE_B_NAVIGATION_JOURNAL_REPORT.md","game-design/story/history/story-phase-b-navigation-journal-report.md","cd2ac5e9ce2bdcd35280819c64ba77deede9430d","66614441AB87749F5B3DFE5C1D84CF7EA95C93051E4982A37BD30BC831E74AAC","66614441AB87749F5B3DFE5C1D84CF7EA95C93051E4982A37BD30BC831E74AAC"
"docs/tutorial_town_loading/PHASE_0_BASELINE_AND_PRIVILEGE_AUDIT.md","gameplay/tutorial-town/history/phase-0-baseline-and-privilege-audit.md","cd2ac5e9ce2bdcd35280819c64ba77deede9430d","8E31C31F75DA5F38F11D3B4E9341CDD0C5545B73BC5800AF09A66FC809D99BD4","8E31C31F75DA5F38F11D3B4E9341CDD0C5545B73BC5800AF09A66FC809D99BD4"
"docs/tutorial_town_loading/PHASE_1_MANIFEST_CONTRACT.md","gameplay/tutorial-town/history/phase-1-manifest-contract.md","cd2ac5e9ce2bdcd35280819c64ba77deede9430d","053435712515E623E8D927893FD2BA2179407C19CF653EC27BAD1B4286137EB1","053435712515E623E8D927893FD2BA2179407C19CF653EC27BAD1B4286137EB1"
"docs/tutorial_town_loading/PHASE_2_STRUCTURE_MANIFEST_AUTHORITY.md","gameplay/tutorial-town/history/phase-2-structure-manifest-authority.md","cd2ac5e9ce2bdcd35280819c64ba77deede9430d","63726E8EA8305999CAF73055B9EF1431E63A205FF4CD5B146B0CBB4D575F2BBD","63726E8EA8305999CAF73055B9EF1431E63A205FF4CD5B146B0CBB4D575F2BBD"
"docs/tutorial_town_loading/PHASE_3_LOADING_GATE.md","gameplay/tutorial-town/history/phase-3-loading-gate.md","cd2ac5e9ce2bdcd35280819c64ba77deede9430d","60479DEFE1C6AF47F596B78A61F76AE48B3AC0F8A93F3A47CF34C6CE9361BCD9","60479DEFE1C6AF47F596B78A61F76AE48B3AC0F8A93F3A47CF34C6CE9361BCD9"
"docs/tutorial_town_loading/PHASE_4_TUTORIAL_ACTOR_REGISTRATION.md","gameplay/tutorial-town/history/phase-4-tutorial-actor-registration.md","cd2ac5e9ce2bdcd35280819c64ba77deede9430d","306AC9831D93C01A2C7104B8F32DF23E4BE284E7D8A51951E5597584E3CF4F47","306AC9831D93C01A2C7104B8F32DF23E4BE284E7D8A51951E5597584E3CF4F47"
"docs/tutorial_town_loading/PHASE_5_GENERIC_TUTORIAL_ORDERS.md","gameplay/tutorial-town/history/phase-5-generic-tutorial-orders.md","cd2ac5e9ce2bdcd35280819c64ba77deede9430d","351163AA8184DE1ABC44B8C0A6959FE396DF3BDB6202DB5A3CB0C4FC30AA2EB5","351163AA8184DE1ABC44B8C0A6959FE396DF3BDB6202DB5A3CB0C4FC30AA2EB5"
"docs/tutorial_town_loading/PHASE_6_SAVE_CONTINUE_COMPATIBILITY.md","gameplay/tutorial-town/history/phase-6-save-continue-compatibility.md","cd2ac5e9ce2bdcd35280819c64ba77deede9430d","E2BEFDD0E5C7D3920C74ACC93B95EC94D84CCA51039AB630BE0254021890F1DB","E2BEFDD0E5C7D3920C74ACC93B95EC94D84CCA51039AB630BE0254021890F1DB"
"docs/tutorial_town_loading/PHASE_7_LIVE_ACCEPTANCE.md","gameplay/tutorial-town/history/phase-7-live-acceptance.md","cd2ac5e9ce2bdcd35280819c64ba77deede9430d","C2FBBFBC734BC06A17086C7A85DD98208D8F547C215B06C65F5DBB1075117C3D","C2FBBFBC734BC06A17086C7A85DD98208D8F547C215B06C65F5DBB1075117C3D"
"docs/tutorial_town_loading/PHASE_8_RELEASE_REPORT.md","gameplay/tutorial-town/history/phase-8-release-report.md","cd2ac5e9ce2bdcd35280819c64ba77deede9430d","D31EB88A7C28D88BD70411D5D7219166CD492613254BB062392BE7A752E38C15","D31EB88A7C28D88BD70411D5D7219166CD492613254BB062392BE7A752E38C15"
"docs/vegetation/VOX_118_CANOPY_BASELINE.md","systems/procedural-ecology/history/vox-118-canopy-baseline.md","cd2ac5e9ce2bdcd35280819c64ba77deede9430d","41A003401F8ED320A1EBA9D2ABC81877ADE0F9675B44D81E37F6BF64561673BC","41A003401F8ED320A1EBA9D2ABC81877ADE0F9675B44D81E37F6BF64561673BC"
"docs/vegetation/VOX_119_BIOME_ENVIRONMENT_CATALOG_REPORT.md","systems/procedural-ecology/history/vox-119-biome-environment-catalog-report.md","cd2ac5e9ce2bdcd35280819c64ba77deede9430d","2C89E6CEE2B3F58B09F4803092F977D4A11FC9651C5B973CB98C1C7FE124F5D0","2C89E6CEE2B3F58B09F4803092F977D4A11FC9651C5B973CB98C1C7FE124F5D0"
"docs/vegetation/VOX_120_MATURE_TREE_ASSET_REPORT.md","systems/procedural-ecology/history/vox-120-mature-tree-asset-report.md","cd2ac5e9ce2bdcd35280819c64ba77deede9430d","9315FE7BC7B1EDBBDA526948D22B7BFB7B41B7BB9C0812CDDAFA2BE96A8F314C","9315FE7BC7B1EDBBDA526948D22B7BFB7B41B7BB9C0812CDDAFA2BE96A8F314C"
"docs/vegetation/VOX_121_ENVIRONMENT_WIND_REPORT.md","systems/procedural-ecology/history/vox-121-environment-wind-report.md","cd2ac5e9ce2bdcd35280819c64ba77deede9430d","7FF13ED2795A7C7CAEEED218A3052E8A4AED458C864F985868A4254FF7348709","7FF13ED2795A7C7CAEEED218A3052E8A4AED458C864F985868A4254FF7348709"
"docs/vegetation/VOX_122_CANOPY_INTEGRATION_REPORT.md","systems/procedural-ecology/history/vox-122-canopy-integration-report.md","cd2ac5e9ce2bdcd35280819c64ba77deede9430d","9BCB22BDC6856792C09F073F9AE76653B0157341B2EEE1BC67A2D808E0811052","9BCB22BDC6856792C09F073F9AE76653B0157341B2EEE1BC67A2D808E0811052"
"docs/vegetation/VOX_123_CANOPY_RELEASE_REPORT.md","systems/procedural-ecology/history/vox-123-canopy-release-report.md","cd2ac5e9ce2bdcd35280819c64ba77deede9430d","5FC2CC190CD461347042C08CF1AC8CDBEC06A30F1C87A96F65CBED8DA7A7D7D0","5FC2CC190CD461347042C08CF1AC8CDBEC06A30F1C87A96F65CBED8DA7A7D7D0"
"docs/vegetation/VOX_126_TREE_ECOLOGY_BASELINE_AND_SCHEMA.md","systems/procedural-ecology/history/vox-126-tree-ecology-baseline-and-schema.md","cd2ac5e9ce2bdcd35280819c64ba77deede9430d","654B809487ECAE0C58A2ECBD931A27A707F0BCA73ACA72E032456E0090880E4B","654B809487ECAE0C58A2ECBD931A27A707F0BCA73ACA72E032456E0090880E4B"
"docs/vegetation/VOX_127_LOCAL_TREE_AGE_ECOLOGY_REPORT.md","systems/procedural-ecology/history/vox-127-local-tree-age-ecology-report.md","cd2ac5e9ce2bdcd35280819c64ba77deede9430d","77A16E69C5E8E7EB18FEE0B432807E004910EBD017540F8E154D61B4E4E49486","77A16E69C5E8E7EB18FEE0B432807E004910EBD017540F8E154D61B4E4E49486"
"docs/vegetation/VOX_128_AGE_DRIVEN_TREE_PHENOTYPE_REPORT.md","systems/procedural-ecology/history/vox-128-age-driven-tree-phenotype-report.md","cd2ac5e9ce2bdcd35280819c64ba77deede9430d","64C3C7D5A5DF695925E5A0738623CC52921A1B19696865E521B0E2CCE4DF3FB5","64C3C7D5A5DF695925E5A0738623CC52921A1B19696865E521B0E2CCE4DF3FB5"
"docs/vegetation/VOX_129_SCALE_SAFE_BARK_REPORT.md","systems/procedural-ecology/history/vox-129-scale-safe-bark-report.md","cd2ac5e9ce2bdcd35280819c64ba77deede9430d","DD2730776C7DECCF9016C7481C7BABFAD4957ADE64F61C894EB543F4D9188D7B","DD2730776C7DECCF9016C7481C7BABFAD4957ADE64F61C894EB543F4D9188D7B"
"docs/vegetation/VOX_130_TREE_ECOLOGY_RUNTIME_REPORT.md","systems/procedural-ecology/history/vox-130-tree-ecology-runtime-report.md","cd2ac5e9ce2bdcd35280819c64ba77deede9430d","01714FAB363D45B4DDD00ED3BCCD544435ED538E891B40F707854FA7FE01F1C6","01714FAB363D45B4DDD00ED3BCCD544435ED538E891B40F707854FA7FE01F1C6"
"docs/vegetation/VOX_131_TREE_ECOLOGY_RELEASE_REPORT.md","systems/procedural-ecology/history/vox-131-tree-ecology-release-report.md","cd2ac5e9ce2bdcd35280819c64ba77deede9430d","2B47C8BCD615A124606CF7856F815DE62C00F6E46791B508566EB535728017CC","2B47C8BCD615A124606CF7856F815DE62C00F6E46791B508566EB535728017CC"
"docs/vegetation/VOX_133_137_VERIFICATION_AUDIT.md","systems/procedural-ecology/history/vox-133-137-verification-audit.md","cd2ac5e9ce2bdcd35280819c64ba77deede9430d","BE9D68F28A26105A29CAADAA130C702915CD27EC282357C154756F6B10C96385","BE9D68F28A26105A29CAADAA130C702915CD27EC282357C154756F6B10C96385"
"docs/vegetation/VOX_134_PROCEDURAL_TREE_RENDERER_DECISION.md","systems/procedural-ecology/history/vox-134-procedural-tree-renderer-decision.md","cd2ac5e9ce2bdcd35280819c64ba77deede9430d","066CBB6DBD5DDB51F0C4DBC59C3DC75C26F4E487F9DE49C19D026D8ADBA7DF3C","066CBB6DBD5DDB51F0C4DBC59C3DC75C26F4E487F9DE49C19D026D8ADBA7DF3C"
"docs/vegetation/VOX_150_FORWARD_TREE_READINESS_AUDIT.md","systems/procedural-ecology/history/vox-150-forward-tree-readiness-audit.md","cd2ac5e9ce2bdcd35280819c64ba77deede9430d","86FE7B2511514167D297F87033E845BC9CEC61930D46D27DFC267EA2EAC6CAD1","86FE7B2511514167D297F87033E845BC9CEC61930D46D27DFC267EA2EAC6CAD1"
